Consumer_ID,District,Town,Area,Monthly_Consumption,Avg_6_Months,Area_Avg,Feeder_Avg,Deviation,Sudden_Drop,Area_Mismatch,Feeder_Mismatch,NTL_Label
C1001,Vellore,Anaicut,Agaram,588,573,571,602,15,NO,NO,NO,0
C1002,Vellore,Anaicut,Agaram,609,579,581,578,30,NO,NO,NO,0
C1003,Vellore,Gudiyatham,Paradarami,621,626,626,637,-5,NO,NO,NO,0
C1004,Vellore,Anaicut,Agaram,599,616,618,617,-17,NO,NO,NO,0
C1005,Vellore,Vellore,Munjurpattu,580,601,594,591,-21,NO,NO,NO,0
C1006,Vellore,Gudiyatham,Mordhana,234,216,232,204,18,NO,NO,NO,0
C1007,Vellore,Gudiyatham,Kallapadi,282,275,295,250,7,NO,NO,NO,0
C1008,Vellore,Anaicut,Odugathur,314,291,292,286,23,NO,NO,NO,0
C1009,Vellore,K. V. Kuppam,Melalathur,192,234,238,255,-42,NO,NO,NO,0
C1010,Vellore,K. V. Kuppam,Kothamangalam,443,469,464,458,-26,NO,NO,NO,0
C1011,Vellore,Anaicut,Sevoor,354,353,356,381,1,NO,NO,NO,0
C1012,Vellore,Anaicut,Veppankuppam,691,692,679,680,-1,NO,NO,NO,0
C1013,Vellore,K. V. Kuppam,Kilalathur,343,297,278,279,46,NO,NO,NO,0
C1014,Vellore,Anaicut,Sevoor,354,321,316,307,33,NO,NO,NO,0
C1015,Vellore,K. V. Kuppam,Serpadi,299,290,278,286,9,NO,NO,NO,0
C1016,Vellore,K. V. Kuppam,Melalathur,262,214,234,208,48,NO,NO,NO,0
C1017,Vellore,K. V. Kuppam,Kilvaithinankuppam,258,557,569,533,-299,YES,YES,YES,1
C1018,Vellore,Gudiyatham,Paradarami,661,697,677,678,-36,NO,NO,NO,0
C1019,Vellore,Katpadi,Dharapadavedu,194,598,613,598,-404,YES,YES,YES,1
C1020,Vellore,Pernambut,Aravatla,483,518,535,525,-35,NO,NO,NO,0
C1021,Vellore,Katpadi,Alanganeri,468,437,437,420,31,NO,NO,NO,0
C1022,Vellore,K. V. Kuppam,Serpadi,424,450,431,469,-26,NO,NO,NO,0
C1023,Vellore,K. V. Kuppam,Kavanur,343,316,327,325,27,NO,NO,NO,0
C1024,Vellore,Vellore,Munjurpattu,304,301,317,277,3,NO,NO,NO,0
C1025,Vellore,K. V. Kuppam,Kilvaithinankuppam,407,421,441,438,-14,NO,NO,NO,0
C1026,Vellore,Anaicut,Agaram,512,538,524,511,-26,NO,NO,NO,0
C1027,Vellore,Pernambut,Devalapuram,206,194,191,202,12,NO,NO,NO,0
C1028,Vellore,Gudiyatham,Mordhana,109,576,572,562,-467,YES,YES,YES,1
C1029,Vellore,Pernambut,Morappanthangal,449,409,410,436,40,NO,NO,NO,0
C1030,Vellore,Vellore,Adukkamparai,338,335,336,316,3,NO,NO,NO,0
C1031,Vellore,Katpadi,Annangudi,77,159,148,132,-82,YES,YES,YES,1
C1032,Vellore,Vellore,Seduvalai,84,304,289,307,-220,YES,YES,YES,1
C1033,Vellore,Vellore,Edayansathu,359,389,377,364,-30,NO,NO,NO,0
C1034,Vellore,Gudiyatham,Melmuttukur,455,445,444,433,10,NO,NO,NO,0
C1035,Vellore,K. V. Kuppam,Vaduganthangal,469,420,426,438,49,NO,NO,NO,0
C1036,Vellore,Vellore,Munjurpattu,252,286,294,291,-34,NO,NO,NO,0
C1037,Vellore,Pernambut,Sathambakkam,583,559,565,538,24,NO,NO,NO,0
C1038,Vellore,Katpadi,Alanganeri,410,419,410,406,-9,NO,NO,NO,0
C1039,Vellore,Anaicut,Sevoor,310,273,263,262,37,NO,NO,NO,0
C1040,Vellore,Vellore,Adukkamparai,82,464,473,475,-382,YES,YES,YES,1
C1041,Vellore,Gudiyatham,Erthangal,249,232,232,202,17,NO,NO,NO,0
C1042,Vellore,Vellore,Edayansathu,231,243,239,241,-12,NO,NO,NO,0
C1043,Vellore,K. V. Kuppam,Serpadi,352,369,385,376,-17,NO,NO,NO,0
C1044,Vellore,Katpadi,Annangudi,430,476,456,459,-46,NO,NO,NO,0
C1045,Vellore,Vellore,Munjurpattu,604,638,635,644,-34,NO,NO,NO,0
C1046,Vellore,Katpadi,Arumbakkam,532,560,580,550,-28,NO,NO,NO,0
C1047,Vellore,Vellore,Adukkamparai,637,631,620,643,6,NO,NO,NO,0
C1048,Vellore,Katpadi,Balekuppam,660,619,608,642,41,NO,NO,NO,0
C1049,Vellore,Anaicut,Veppankuppam,275,236,244,232,39,NO,NO,NO,0
C1050,Vellore,Vellore,Ariyur,586,625,623,649,-39,NO,NO,NO,0
C1051,Vellore,Vellore,Genganallore,344,387,399,393,-43,NO,NO,NO,0
C1052,Vellore,Pernambut,Sathambakkam,179,168,184,176,11,NO,NO,NO,0
C1053,Vellore,K. V. Kuppam,Kothamangalam,235,700,699,705,-465,YES,YES,YES,1
C1054,Vellore,Gudiyatham,Valathur,184,153,140,160,31,NO,YES,NO,0
C1055,Vellore,Pernambut,Erukkampattu,679,689,698,684,-10,NO,NO,NO,0
C1056,Vellore,Gudiyatham,Valathur,527,531,529,542,-4,NO,NO,NO,0
C1057,Vellore,Gudiyatham,Valathur,734,695,710,717,39,NO,NO,NO,0
C1058,Vellore,Gudiyatham,Melmuttukur,433,412,405,408,21,NO,NO,NO,0
C1059,Vellore,Gudiyatham,Erthangal,179,187,197,215,-8,NO,NO,NO,0
C1060,Vellore,Pernambut,Kollapalli,545,523,510,522,22,NO,NO,NO,0
C1061,Vellore,Vellore,Ariyur,568,538,533,551,30,NO,NO,NO,0
C1062,Vellore,Pernambut,Morappanthangal,574,538,528,513,36,NO,NO,NO,0
C1063,Vellore,Pernambut,Morappanthangal,116,391,372,391,-275,YES,YES,YES,1
C1064,Vellore,Vellore,Seduvalai,678,649,664,653,29,NO,NO,NO,0
C1065,Vellore,Vellore,Adukkamparai,698,699,702,692,-1,NO,NO,NO,0
C1066,Vellore,Pernambut,Devalapuram,688,645,641,666,43,NO,NO,NO,0
C1067,Vellore,Gudiyatham,Perumbadi,343,373,389,346,-30,NO,NO,NO,0
C1068,Vellore,Gudiyatham,Valathur,595,610,605,584,-15,NO,NO,NO,0
C1069,Vellore,K. V. Kuppam,Kavanur,637,654,674,660,-17,NO,NO,NO,0
C1070,Vellore,Katpadi,Annangudi,356,318,316,328,38,NO,NO,NO,0
C1071,Vellore,Pernambut,Sathambakkam,436,406,423,383,30,NO,NO,NO,0
C1072,Vellore,Pernambut,Melpatti,197,195,211,225,2,NO,NO,NO,0
C1073,Vellore,K. V. Kuppam,Serpadi,666,699,696,675,-33,NO,NO,NO,0
C1074,Vellore,Katpadi,Arumbakkam,298,681,685,679,-383,YES,YES,YES,1
C1075,Vellore,Anaicut,Veppankuppam,69,321,329,301,-252,YES,YES,YES,1
C1076,Vellore,K. V. Kuppam,Vaduganthangal,240,284,293,280,-44,NO,NO,NO,0
C1077,Vellore,Katpadi,Angarankuppam,626,657,666,628,-31,NO,NO,NO,0
C1078,Vellore,Katpadi,Balekuppam,429,479,488,479,-50,NO,NO,NO,0
C1079,Vellore,Gudiyatham,Perumbadi,295,262,262,250,33,NO,NO,NO,0
C1080,Vellore,Gudiyatham,Valathur,550,577,587,574,-27,NO,NO,NO,0
C1081,Vellore,Vellore,Munjurpattu,619,597,607,600,22,NO,NO,NO,0
C1082,Vellore,K. V. Kuppam,Kothamangalam,154,410,395,437,-256,YES,YES,YES,1
C1083,Vellore,Vellore,Genganallore,659,658,673,636,1,NO,NO,NO,0
C1084,Vellore,K. V. Kuppam,Kavanur,382,415,405,442,-33,NO,NO,NO,0
C1085,Vellore,Anaicut,Pallikonda,321,366,355,371,-45,NO,NO,NO,0
C1086,Vellore,Vellore,Munjurpattu,152,173,186,145,-21,NO,NO,NO,0
C1087,Vellore,Gudiyatham,Mordhana,457,438,439,464,19,NO,NO,NO,0
C1088,Vellore,Gudiyatham,Kallapadi,383,407,417,416,-24,NO,NO,NO,0
C1089,Vellore,Pernambut,Melpatti,667,668,686,652,-1,NO,NO,NO,0
C1090,Vellore,Katpadi,Angarankuppam,242,270,280,266,-28,NO,NO,NO,0
C1091,Vellore,Pernambut,Melpatti,190,194,178,217,-4,NO,NO,NO,0
C1092,Vellore,Gudiyatham,Perumbadi,482,502,497,506,-20,NO,NO,NO,0
C1093,Vellore,Pernambut,Erukkampattu,91,683,702,660,-592,YES,YES,YES,1
C1094,Vellore,Gudiyatham,Erthangal,591,613,614,589,-22,NO,NO,NO,0
C1095,Vellore,Anaicut,Pennathur,319,316,308,293,3,NO,NO,NO,0
C1096,Vellore,Anaicut,Pennathur,176,165,175,138,11,NO,NO,NO,0
C1097,Vellore,Katpadi,Alanganeri,440,484,486,471,-44,NO,NO,NO,0
C1098,Vellore,Katpadi,Ammundi,101,247,262,241,-146,YES,YES,YES,1
C1099,Vellore,Pernambut,Aravatla,471,501,489,483,-30,NO,NO,NO,0
C1100,Vellore,Pernambut,Devalapuram,459,506,514,501,-47,NO,NO,NO,0
C1101,Vellore,Gudiyatham,Kallapadi,703,674,679,647,29,NO,NO,NO,0
C1102,Vellore,Gudiyatham,Perumbadi,202,430,447,459,-228,YES,YES,YES,1
C1103,Vellore,Katpadi,Alanganeri,673,677,691,700,-4,NO,NO,NO,0
C1104,Vellore,Vellore,Munjurpattu,670,674,675,686,-4,NO,NO,NO,0
C1105,Vellore,Katpadi,Balekuppam,269,289,301,266,-20,NO,NO,NO,0
C1106,Vellore,Vellore,Munjurpattu,203,248,262,230,-45,NO,NO,NO,0
C1107,Vellore,Katpadi,Ammundi,200,248,246,248,-48,NO,NO,NO,0
C1108,Vellore,Pernambut,Erukkampattu,586,609,594,589,-23,NO,NO,NO,0
C1109,Vellore,K. V. Kuppam,Vaduganthangal,218,229,222,230,-11,NO,NO,NO,0
C1110,Vellore,Katpadi,Alanganeri,237,229,217,228,8,NO,NO,NO,0
C1111,Vellore,K. V. Kuppam,Kothamangalam,658,629,610,628,29,NO,NO,NO,0
C1112,Vellore,Anaicut,Sevoor,693,692,686,721,1,NO,NO,NO,0
C1113,Vellore,Gudiyatham,Valathur,673,634,631,641,39,NO,NO,NO,0
C1114,Vellore,Gudiyatham,Valathur,282,319,327,317,-37,NO,NO,NO,0
C1115,Vellore,Katpadi,Annangudi,248,214,201,216,34,NO,NO,NO,0
C1116,Vellore,Anaicut,Pallikonda,238,241,248,231,-3,NO,NO,NO,0
C1117,Vellore,Vellore,Ariyur,90,234,239,251,-144,YES,YES,YES,1
C1118,Vellore,Pernambut,Melpatti,222,209,211,233,13,NO,NO,NO,0
C1119,Vellore,Gudiyatham,Erthangal,651,645,657,634,6,NO,NO,NO,0
C1120,Vellore,K. V. Kuppam,Vaduganthangal,229,250,265,268,-21,NO,NO,NO,0
C1121,Vellore,Anaicut,Ussoor,552,564,575,554,-12,NO,NO,NO,0
C1122,Vellore,Gudiyatham,Melmuttukur,192,168,162,159,24,NO,NO,NO,0
C1123,Vellore,Anaicut,Sevoor,271,605,609,600,-334,YES,YES,YES,1
C1124,Vellore,Anaicut,Agaram,574,557,544,532,17,NO,NO,NO,0
C1125,Vellore,Gudiyatham,Valathur,216,192,192,213,24,NO,NO,NO,0
C1126,Vellore,K. V. Kuppam,Kilalathur,246,493,482,480,-247,YES,YES,YES,1
C1127,Vellore,Katpadi,Arumbakkam,558,532,536,544,26,NO,NO,NO,0
C1128,Vellore,Katpadi,Alanganeri,191,177,187,154,14,NO,NO,NO,0
C1129,Vellore,K. V. Kuppam,Kilvaithinankuppam,633,593,577,591,40,NO,NO,NO,0
C1130,Vellore,Gudiyatham,Kallapadi,427,402,404,377,25,NO,NO,NO,0
C1131,Vellore,K. V. Kuppam,Kilvaithinankuppam,223,559,577,576,-336,YES,YES,YES,1
C1132,Vellore,Vellore,Poigai,504,466,472,475,38,NO,NO,NO,0
C1133,Vellore,K. V. Kuppam,Kothamangalam,383,426,422,408,-43,NO,NO,NO,0
C1134,Vellore,Gudiyatham,Mordhana,458,485,474,472,-27,NO,NO,NO,0
C1135,Vellore,Pernambut,Devalapuram,443,427,443,434,16,NO,NO,NO,0
C1136,Vellore,Anaicut,Agaram,506,503,518,522,3,NO,NO,NO,0
C1137,Vellore,Pernambut,Melpatti,447,408,394,402,39,NO,NO,NO,0
C1138,Vellore,K. V. Kuppam,Kilvaithinankuppam,354,398,379,415,-44,NO,NO,NO,0
C1139,Vellore,Vellore,Munjurpattu,99,298,284,292,-199,YES,YES,YES,1
C1140,Vellore,K. V. Kuppam,Vaduganthangal,521,514,530,527,7,NO,NO,NO,0
C1141,Vellore,K. V. Kuppam,Kothamangalam,423,410,401,435,13,NO,NO,NO,0
C1142,Vellore,Pernambut,Morappanthangal,195,525,539,506,-330,YES,YES,YES,1
C1143,Vellore,Pernambut,Kollapalli,288,264,258,254,24,NO,NO,NO,0
C1144,Vellore,K. V. Kuppam,Vaduganthangal,414,457,463,461,-43,NO,NO,NO,0
C1145,Vellore,Katpadi,Dharapadavedu,95,244,229,231,-149,YES,YES,YES,1
C1146,Vellore,Anaicut,Pallikonda,382,425,437,398,-43,NO,NO,NO,0
C1147,Vellore,Gudiyatham,Kallapadi,343,335,316,306,8,NO,NO,NO,0
C1148,Vellore,K. V. Kuppam,Kilvaithinankuppam,609,589,589,582,20,NO,NO,NO,0
C1149,Vellore,K. V. Kuppam,Kothamangalam,231,265,250,292,-34,NO,NO,NO,0
C1150,Vellore,Gudiyatham,Erthangal,687,645,650,661,42,NO,NO,NO,0
C1151,Vellore,Katpadi,Balekuppam,544,585,581,581,-41,NO,NO,NO,0
C1152,Vellore,Vellore,Ariyur,123,572,558,600,-449,YES,YES,YES,1
C1153,Vellore,Katpadi,Angarankuppam,517,498,512,522,19,NO,NO,NO,0
C1154,Vellore,Anaicut,Ussoor,156,338,332,356,-182,YES,YES,YES,1
C1155,Vellore,Gudiyatham,Perumbadi,217,256,273,275,-39,NO,NO,NO,0
C1156,Vellore,Pernambut,Devalapuram,194,226,240,200,-32,NO,NO,NO,0
C1157,Vellore,Gudiyatham,Mordhana,511,474,485,488,37,NO,NO,NO,0
C1158,Vellore,K. V. Kuppam,Kavanur,237,511,503,494,-274,YES,YES,YES,1
C1159,Vellore,Anaicut,Sevoor,506,553,536,541,-47,NO,NO,NO,0
C1160,Vellore,Katpadi,Angarankuppam,177,186,182,206,-9,NO,NO,NO,0
C1161,Vellore,Anaicut,Pallikonda,461,413,399,403,48,NO,NO,NO,0
C1162,Vellore,Gudiyatham,Kallapadi,303,263,268,252,40,NO,NO,NO,0
C1163,Vellore,Pernambut,Sathambakkam,473,501,487,504,-28,NO,NO,NO,0
C1164,Vellore,K. V. Kuppam,Kilalathur,52,302,303,323,-250,YES,YES,YES,1
C1165,Vellore,Pernambut,Kollapalli,165,150,153,133,15,NO,NO,NO,0
C1166,Vellore,Gudiyatham,Erthangal,730,683,678,673,47,NO,NO,NO,0
C1167,Vellore,Gudiyatham,Erthangal,614,600,619,617,14,NO,NO,NO,0
C1168,Vellore,Gudiyatham,Paradarami,323,349,338,320,-26,NO,NO,NO,0
C1169,Vellore,Katpadi,Annangudi,552,575,559,565,-23,NO,NO,NO,0
C1170,Vellore,Anaicut,Veppankuppam,609,604,612,600,5,NO,NO,NO,0
C1171,Vellore,Vellore,Edayansathu,698,668,663,671,30,NO,NO,NO,0
C1172,Vellore,K. V. Kuppam,Kavanur,164,167,178,179,-3,NO,NO,NO,0
C1173,Vellore,Vellore,Adukkamparai,606,616,627,620,-10,NO,NO,NO,0
C1174,Vellore,Katpadi,Balekuppam,210,252,254,252,-42,NO,NO,NO,0
C1175,Vellore,Anaicut,Sevoor,476,426,420,412,50,NO,NO,NO,0
C1176,Vellore,Vellore,Seduvalai,137,653,648,629,-516,YES,YES,YES,1
C1177,Vellore,K. V. Kuppam,Kothamangalam,642,674,691,698,-32,NO,NO,NO,0
C1178,Vellore,K. V. Kuppam,Kavanur,306,270,273,289,36,NO,NO,NO,0
C1179,Vellore,Katpadi,Annangudi,190,198,204,168,-8,NO,NO,NO,0
C1180,Vellore,Pernambut,Melpatti,292,242,242,221,50,NO,NO,YES,0
C1181,Vellore,Anaicut,Ussoor,191,178,178,182,13,NO,NO,NO,0
C1182,Vellore,Pernambut,Morappanthangal,526,513,508,516,13,NO,NO,NO,0
C1183,Vellore,Katpadi,Angarankuppam,198,209,218,219,-11,NO,NO,NO,0
C1184,Vellore,Anaicut,Veppankuppam,78,608,588,608,-530,YES,YES,YES,1
C1185,Vellore,Gudiyatham,Erthangal,677,676,688,692,1,NO,NO,NO,0
C1186,Vellore,Anaicut,Pennathur,311,275,259,284,36,NO,NO,NO,0
C1187,Vellore,K. V. Kuppam,Serpadi,516,536,521,532,-20,NO,NO,NO,0
C1188,Vellore,K. V. Kuppam,Kavanur,614,647,660,635,-33,NO,NO,NO,0
C1189,Vellore,Anaicut,Pennathur,204,209,209,223,-5,NO,NO,NO,0
C1190,Vellore,Anaicut,Sevoor,224,228,239,231,-4,NO,NO,NO,0
C1191,Vellore,Katpadi,Annangudi,151,198,215,195,-47,NO,NO,NO,0
C1192,Vellore,Katpadi,Ammundi,200,213,220,194,-13,NO,NO,NO,0
C1193,Vellore,K. V. Kuppam,Kilalathur,266,295,310,301,-29,NO,NO,NO,0
C1194,Vellore,K. V. Kuppam,Kothamangalam,312,313,309,286,-1,NO,NO,NO,0
C1195,Vellore,Katpadi,Angarankuppam,480,446,455,418,34,NO,NO,NO,0
C1196,Vellore,Vellore,Edayansathu,73,454,465,450,-381,YES,YES,YES,1
C1197,Vellore,Gudiyatham,Perumbadi,260,278,289,274,-18,NO,NO,NO,0
C1198,Vellore,Gudiyatham,Erthangal,199,162,177,151,37,NO,NO,YES,0
C1199,Vellore,Vellore,Ariyur,622,602,609,626,20,NO,NO,NO,0
C1200,Vellore,Anaicut,Odugathur,520,520,516,541,0,NO,NO,NO,0
C1201,Vellore,Anaicut,Odugathur,386,433,426,429,-47,NO,NO,NO,0
C1202,Vellore,K. V. Kuppam,Kothamangalam,157,171,156,146,-14,NO,NO,NO,0
C1203,Vellore,K. V. Kuppam,Kavanur,66,443,459,460,-377,YES,YES,YES,1
C1204,Vellore,Pernambut,Kollapalli,710,692,712,714,18,NO,NO,NO,0
C1205,Vellore,Pernambut,Sathambakkam,200,195,184,169,5,NO,NO,NO,0
C1206,Vellore,Katpadi,Alanganeri,597,595,594,566,2,NO,NO,NO,0
C1207,Vellore,Anaicut,Veppankuppam,466,478,480,448,-12,NO,NO,NO,0
C1208,Vellore,Pernambut,Sathambakkam,382,337,334,312,45,NO,NO,NO,0
C1209,Vellore,K. V. Kuppam,Vaduganthangal,609,627,631,616,-18,NO,NO,NO,0
C1210,Vellore,K. V. Kuppam,Serpadi,475,467,475,443,8,NO,NO,NO,0
C1211,Vellore,K. V. Kuppam,Kilalathur,491,481,472,511,10,NO,NO,NO,0
C1212,Vellore,Pernambut,Sathambakkam,133,699,705,708,-566,YES,YES,YES,1
C1213,Vellore,K. V. Kuppam,Kilvaithinankuppam,368,350,346,323,18,NO,NO,NO,0
C1214,Vellore,Anaicut,Sevoor,549,555,571,540,-6,NO,NO,NO,0
C1215,Vellore,Pernambut,Sathambakkam,136,165,169,175,-29,NO,NO,NO,0
C1216,Vellore,K. V. Kuppam,Kilalathur,411,376,396,396,35,NO,NO,NO,0
C1217,Vellore,K. V. Kuppam,Kilalathur,532,497,488,510,35,NO,NO,NO,0
C1218,Vellore,Pernambut,Morappanthangal,321,322,303,329,-1,NO,NO,NO,0
C1219,Vellore,Pernambut,Aravatla,496,447,461,429,49,NO,NO,NO,0
C1220,Vellore,Gudiyatham,Perumbadi,629,586,600,564,43,NO,NO,NO,0
C1221,Vellore,Vellore,Genganallore,451,444,461,434,7,NO,NO,NO,0
C1222,Vellore,Pernambut,Melpatti,438,408,406,399,30,NO,NO,NO,0
C1223,Vellore,Pernambut,Melpatti,451,461,458,487,-10,NO,NO,NO,0
C1224,Vellore,Vellore,Adukkamparai,377,426,407,456,-49,NO,NO,NO,0
C1225,Vellore,Gudiyatham,Erthangal,217,192,199,174,25,NO,NO,NO,0
C1226,Vellore,Katpadi,Angarankuppam,392,381,397,399,11,NO,NO,NO,0
C1227,Vellore,Anaicut,Agaram,696,658,652,659,38,NO,NO,NO,0
C1228,Vellore,Katpadi,Ammundi,269,227,218,218,42,NO,NO,NO,0
C1229,Vellore,Vellore,Edayansathu,411,367,350,345,44,NO,NO,NO,0
C1230,Vellore,Katpadi,Dharapadavedu,264,282,276,275,-18,NO,NO,NO,0
C1231,Vellore,Pernambut,Sathambakkam,298,253,248,232,45,NO,NO,NO,0
C1232,Vellore,Vellore,Poigai,492,542,555,536,-50,NO,NO,NO,0
C1233,Vellore,Vellore,Edayansathu,534,566,581,571,-32,NO,NO,NO,0
C1234,Vellore,K. V. Kuppam,Kilvaithinankuppam,690,643,646,613,47,NO,NO,NO,0
C1235,Vellore,Anaicut,Sevoor,417,380,389,400,37,NO,NO,NO,0
C1236,Vellore,Pernambut,Devalapuram,362,372,378,378,-10,NO,NO,NO,0
C1237,Vellore,Katpadi,Annangudi,668,674,665,677,-6,NO,NO,NO,0
C1238,Vellore,Anaicut,Sevoor,326,366,368,351,-40,NO,NO,NO,0
C1239,Vellore,Anaicut,Odugathur,622,585,581,598,37,NO,NO,NO,0
C1240,Vellore,K. V. Kuppam,Kilalathur,253,275,271,257,-22,NO,NO,NO,0
C1241,Vellore,K. V. Kuppam,Kavanur,472,424,426,416,48,NO,NO,NO,0
C1242,Vellore,Katpadi,Arumbakkam,395,415,419,400,-20,NO,NO,NO,0
C1243,Vellore,K. V. Kuppam,Melalathur,515,552,556,550,-37,NO,NO,NO,0
C1244,Vellore,Gudiyatham,Erthangal,402,360,365,340,42,NO,NO,NO,0
C1245,Vellore,Pernambut,Sathambakkam,83,230,221,248,-147,YES,YES,YES,1
C1246,Vellore,Katpadi,Dharapadavedu,346,302,322,285,44,NO,NO,NO,0
C1247,Vellore,Gudiyatham,Erthangal,458,464,475,459,-6,NO,NO,NO,0
C1248,Vellore,Katpadi,Arumbakkam,273,283,284,306,-10,NO,NO,NO,0
C1249,Vellore,Anaicut,Sevoor,654,653,647,659,1,NO,NO,NO,0
C1250,Vellore,Gudiyatham,Erthangal,115,162,158,182,-47,NO,NO,YES,0
C1251,Vellore,Katpadi,Alanganeri,425,439,434,439,-14,NO,NO,NO,0
C1252,Vellore,K. V. Kuppam,Serpadi,505,551,570,564,-46,NO,NO,NO,0
C1253,Vellore,K. V. Kuppam,Kilalathur,700,693,688,669,7,NO,NO,NO,0
C1254,Vellore,Pernambut,Morappanthangal,206,171,156,197,35,NO,YES,NO,0
C1255,Vellore,Gudiyatham,Kallapadi,622,651,663,625,-29,NO,NO,NO,0
C1256,Vellore,K. V. Kuppam,Kavanur,638,658,658,640,-20,NO,NO,NO,0
C1257,Vellore,Anaicut,Veppankuppam,131,176,175,169,-45,NO,NO,NO,0
C1258,Vellore,Gudiyatham,Mordhana,678,684,670,671,-6,NO,NO,NO,0
C1259,Vellore,Gudiyatham,Kallapadi,140,551,550,568,-411,YES,YES,YES,1
C1260,Vellore,Anaicut,Pennathur,401,431,434,409,-30,NO,NO,NO,0
C1261,Vellore,Gudiyatham,Erthangal,510,465,459,488,45,NO,NO,NO,0
C1262,Vellore,Anaicut,Pennathur,609,619,610,648,-10,NO,NO,NO,0
C1263,Vellore,Anaicut,Veppankuppam,588,556,543,570,32,NO,NO,NO,0
C1264,Vellore,Gudiyatham,Mordhana,146,189,171,182,-43,NO,NO,NO,0
C1265,Vellore,K. V. Kuppam,Melalathur,610,566,561,592,44,NO,NO,NO,0
C1266,Vellore,Gudiyatham,Kallapadi,264,248,235,221,16,NO,NO,NO,0
C1267,Vellore,Vellore,Edayansathu,338,330,350,350,8,NO,NO,NO,0
C1268,Vellore,Anaicut,Pallikonda,232,601,603,629,-369,YES,YES,YES,1
C1269,Vellore,K. V. Kuppam,Kothamangalam,266,250,241,259,16,NO,NO,NO,0
C1270,Vellore,K. V. Kuppam,Melalathur,314,296,290,278,18,NO,NO,NO,0
C1271,Vellore,Pernambut,Kollapalli,213,240,254,233,-27,NO,NO,NO,0
C1272,Vellore,Anaicut,Pallikonda,222,211,212,226,11,NO,NO,NO,0
C1273,Vellore,Anaicut,Pennathur,293,254,241,257,39,NO,NO,NO,0
C1274,Vellore,Gudiyatham,Perumbadi,450,446,447,468,4,NO,NO,NO,0
C1275,Vellore,K. V. Kuppam,Serpadi,536,526,510,538,10,NO,NO,NO,0
C1276,Vellore,Vellore,Adukkamparai,507,499,499,481,8,NO,NO,NO,0
C1277,Vellore,Pernambut,Kollapalli,300,270,285,245,30,NO,NO,NO,0
C1278,Vellore,Vellore,Genganallore,614,605,601,605,9,NO,NO,NO,0
C1279,Vellore,Pernambut,Melpatti,359,315,306,324,44,NO,NO,NO,0
C1280,Vellore,Anaicut,Odugathur,359,315,330,318,44,NO,NO,NO,0
C1281,Vellore,Vellore,Edayansathu,194,218,216,199,-24,NO,NO,NO,0
C1282,Vellore,K. V. Kuppam,Vaduganthangal,564,588,585,588,-24,NO,NO,NO,0
C1283,Vellore,K. V. Kuppam,Kavanur,184,211,230,183,-27,NO,NO,NO,0
C1284,Vellore,Gudiyatham,Melmuttukur,612,612,603,638,0,NO,NO,NO,0
C1285,Vellore,Pernambut,Aravatla,54,229,226,242,-175,YES,YES,YES,1
C1286,Vellore,K. V. Kuppam,Vaduganthangal,267,621,620,645,-354,YES,YES,YES,1
C1287,Vellore,Anaicut,Veppankuppam,427,448,441,459,-21,NO,NO,NO,0
C1288,Vellore,Anaicut,Veppankuppam,259,227,221,212,32,NO,NO,NO,0
C1289,Vellore,Gudiyatham,Mordhana,613,662,644,684,-49,NO,NO,NO,0
C1290,Vellore,Gudiyatham,Mordhana,322,353,353,382,-31,NO,NO,NO,0
C1291,Vellore,Vellore,Genganallore,595,605,610,591,-10,NO,NO,NO,0
C1292,Vellore,Katpadi,Ammundi,471,440,432,458,31,NO,NO,NO,0
C1293,Vellore,Anaicut,Agaram,488,528,526,503,-40,NO,NO,NO,0
C1294,Vellore,Pernambut,Erukkampattu,378,354,368,339,24,NO,NO,NO,0
C1295,Vellore,K. V. Kuppam,Serpadi,240,259,247,259,-19,NO,NO,NO,0
C1296,Vellore,Anaicut,Veppankuppam,711,691,678,672,20,NO,NO,NO,0
C1297,Vellore,Katpadi,Balekuppam,61,194,186,167,-133,YES,YES,YES,1
C1298,Vellore,K. V. Kuppam,Kilvaithinankuppam,230,262,269,237,-32,NO,NO,NO,0
C1299,Vellore,Gudiyatham,Mordhana,517,468,461,460,49,NO,NO,NO,0
C1300,Vellore,Katpadi,Alanganeri,306,638,645,623,-332,YES,YES,YES,1
C1301,Vellore,Katpadi,Arumbakkam,254,224,219,214,30,NO,NO,NO,0
C1302,Vellore,Vellore,Ariyur,510,468,467,463,42,NO,NO,NO,0
C1303,Vellore,Gudiyatham,Perumbadi,676,672,681,662,4,NO,NO,NO,0
C1304,Vellore,Pernambut,Kollapalli,692,662,653,647,30,NO,NO,NO,0
C1305,Vellore,Gudiyatham,Paradarami,332,380,374,358,-48,NO,NO,NO,0
C1306,Vellore,Anaicut,Odugathur,148,170,150,163,-22,NO,NO,NO,0
C1307,Vellore,Katpadi,Dharapadavedu,192,194,214,214,-2,NO,NO,NO,0
C1308,Vellore,Gudiyatham,Perumbadi,227,668,670,684,-441,YES,YES,YES,1
C1309,Vellore,K. V. Kuppam,Kilvaithinankuppam,431,394,375,388,37,NO,NO,NO,0
C1310,Vellore,Vellore,Adukkamparai,424,390,404,372,34,NO,NO,NO,0
C1311,Vellore,Gudiyatham,Melmuttukur,649,632,624,659,17,NO,NO,NO,0
C1312,Vellore,Vellore,Ariyur,293,289,299,307,4,NO,NO,NO,0
C1313,Vellore,Vellore,Genganallore,510,558,569,564,-48,NO,NO,NO,0
C1314,Vellore,Vellore,Edayansathu,334,317,297,310,17,NO,NO,NO,0
C1315,Vellore,Katpadi,Balekuppam,578,627,646,623,-49,NO,NO,NO,0
C1316,Vellore,Pernambut,Devalapuram,178,163,156,134,15,NO,NO,YES,0
C1317,Vellore,Vellore,Adukkamparai,262,271,258,242,-9,NO,NO,NO,0
C1318,Vellore,Pernambut,Kollapalli,231,201,186,228,30,NO,NO,NO,0
C1319,Vellore,Katpadi,Arumbakkam,439,419,428,411,20,NO,NO,NO,0
C1320,Vellore,Pernambut,Melpatti,520,487,500,479,33,NO,NO,NO,0
C1321,Vellore,Vellore,Poigai,554,512,510,491,42,NO,NO,NO,0
C1322,Vellore,Vellore,Genganallore,178,190,197,173,-12,NO,NO,NO,0
C1323,Vellore,Anaicut,Ussoor,348,387,397,362,-39,NO,NO,NO,0
C1324,Vellore,Katpadi,Dharapadavedu,402,451,462,441,-49,NO,NO,NO,0
C1325,Vellore,Pernambut,Aravatla,705,664,663,675,41,NO,NO,NO,0
C1326,Vellore,Pernambut,Melpatti,58,169,185,180,-111,YES,YES,YES,1
C1327,Vellore,K. V. Kuppam,Serpadi,189,153,159,173,36,NO,NO,NO,0
C1328,Vellore,Vellore,Seduvalai,205,171,153,178,34,NO,YES,NO,0
C1329,Vellore,Vellore,Poigai,293,308,312,298,-15,NO,NO,NO,0
C1330,Vellore,Gudiyatham,Melmuttukur,457,447,464,476,10,NO,NO,NO,0
C1331,Vellore,Pernambut,Erukkampattu,475,472,467,493,3,NO,NO,NO,0
C1332,Vellore,K. V. Kuppam,Serpadi,227,502,504,503,-275,YES,YES,YES,1
C1333,Vellore,Katpadi,Alanganeri,379,388,377,375,-9,NO,NO,NO,0
C1334,Vellore,Vellore,Ariyur,218,186,198,173,32,NO,NO,NO,0
C1335,Vellore,Anaicut,Sevoor,610,561,554,576,49,NO,NO,NO,0
C1336,Vellore,Katpadi,Arumbakkam,548,526,510,505,22,NO,NO,NO,0
C1337,Vellore,Katpadi,Dharapadavedu,185,193,213,186,-8,NO,NO,NO,0
C1338,Vellore,Gudiyatham,Kallapadi,502,513,517,508,-11,NO,NO,NO,0
C1339,Vellore,Anaicut,Agaram,50,155,153,171,-105,YES,YES,YES,1
C1340,Vellore,Gudiyatham,Melmuttukur,675,698,688,696,-23,NO,NO,NO,0
C1341,Vellore,Gudiyatham,Valathur,480,518,519,513,-38,NO,NO,NO,0
C1342,Vellore,Pernambut,Sathambakkam,638,664,660,686,-26,NO,NO,NO,0
C1343,Vellore,Anaicut,Ussoor,660,633,618,645,27,NO,NO,NO,0
C1344,Vellore,Anaicut,Sevoor,107,229,221,218,-122,YES,YES,YES,1
C1345,Vellore,K. V. Kuppam,Vaduganthangal,641,623,633,598,18,NO,NO,NO,0
C1346,Vellore,K. V. Kuppam,Kothamangalam,648,624,628,595,24,NO,NO,NO,0
C1347,Vellore,K. V. Kuppam,Melalathur,280,247,231,247,33,NO,NO,NO,0
C1348,Vellore,Vellore,Genganallore,643,645,650,635,-2,NO,NO,NO,0
C1349,Vellore,K. V. Kuppam,Vaduganthangal,551,574,566,572,-23,NO,NO,NO,0
C1350,Vellore,Gudiyatham,Erthangal,616,657,637,684,-41,NO,NO,NO,0
C1351,Vellore,Pernambut,Erukkampattu,617,633,622,625,-16,NO,NO,NO,0
C1352,Vellore,Vellore,Ariyur,111,226,221,255,-115,YES,YES,YES,1
C1353,Vellore,Vellore,Poigai,587,633,645,626,-46,NO,NO,NO,0
C1354,Vellore,Gudiyatham,Paradarami,116,344,346,317,-228,YES,YES,YES,1
C1355,Vellore,Pernambut,Erukkampattu,485,486,485,513,-1,NO,NO,NO,0
C1356,Vellore,Pernambut,Sathambakkam,555,555,569,549,0,NO,NO,NO,0
C1357,Vellore,K. V. Kuppam,Kilalathur,285,246,251,265,39,NO,NO,NO,0
C1358,Vellore,Anaicut,Pennathur,701,673,657,697,28,NO,NO,NO,0
C1359,Vellore,Pernambut,Melpatti,521,476,456,464,45,NO,NO,NO,0
C1360,Vellore,Pernambut,Kollapalli,543,558,550,539,-15,NO,NO,NO,0
C1361,Vellore,Vellore,Poigai,167,174,159,181,-7,NO,NO,NO,0
C1362,Vellore,Katpadi,Annangudi,177,174,156,190,3,NO,NO,NO,0
C1363,Vellore,Katpadi,Dharapadavedu,126,408,412,407,-282,YES,YES,YES,1
C1364,Vellore,Pernambut,Sathambakkam,85,343,346,327,-258,YES,YES,YES,1
C1365,Vellore,Vellore,Edayansathu,67,502,519,497,-435,YES,YES,YES,1
C1366,Vellore,Vellore,Genganallore,429,389,408,381,40,NO,NO,NO,0
C1367,Vellore,K. V. Kuppam,Melalathur,623,617,618,609,6,NO,NO,NO,0
C1368,Vellore,Pernambut,Melpatti,181,202,197,217,-21,NO,NO,NO,0
C1369,Vellore,Anaicut,Agaram,251,550,538,574,-299,YES,YES,YES,1
C1370,Vellore,Gudiyatham,Erthangal,179,156,163,175,23,NO,NO,NO,0
C1371,Vellore,Gudiyatham,Mordhana,130,418,434,446,-288,YES,YES,YES,1
C1372,Vellore,Katpadi,Balekuppam,94,325,324,343,-231,YES,YES,YES,1
C1373,Vellore,Vellore,Ariyur,462,456,452,428,6,NO,NO,NO,0
C1374,Vellore,Katpadi,Annangudi,574,608,614,601,-34,NO,NO,NO,0
C1375,Vellore,Gudiyatham,Kallapadi,537,578,567,592,-41,NO,NO,NO,0
C1376,Vellore,Anaicut,Sevoor,67,172,155,198,-105,YES,YES,YES,1
C1377,Vellore,K. V. Kuppam,Kilalathur,625,585,579,569,40,NO,NO,NO,0
C1378,Vellore,Vellore,Poigai,609,628,631,602,-19,NO,NO,NO,0
C1379,Vellore,Gudiyatham,Perumbadi,142,163,147,193,-21,NO,NO,NO,0
C1380,Vellore,Pernambut,Kollapalli,229,495,497,516,-266,YES,YES,YES,1
C1381,Vellore,Anaicut,Agaram,529,570,563,582,-41,NO,NO,NO,0
C1382,Vellore,Vellore,Edayansathu,438,441,447,421,-3,NO,NO,NO,0
C1383,Vellore,Vellore,Genganallore,425,460,457,461,-35,NO,NO,NO,0
C1384,Vellore,Katpadi,Annangudi,446,459,450,486,-13,NO,NO,NO,0
C1385,Vellore,Gudiyatham,Erthangal,358,403,408,387,-45,NO,NO,NO,0
C1386,Vellore,K. V. Kuppam,Vaduganthangal,205,527,512,526,-322,YES,YES,YES,1
C1387,Vellore,Pernambut,Erukkampattu,453,417,424,405,36,NO,NO,NO,0
C1388,Vellore,Anaicut,Pennathur,99,383,389,359,-284,YES,YES,YES,1
C1389,Vellore,K. V. Kuppam,Kilvaithinankuppam,516,516,514,493,0,NO,NO,NO,0
C1390,Vellore,Katpadi,Ammundi,113,486,503,475,-373,YES,YES,YES,1
C1391,Vellore,Vellore,Munjurpattu,328,323,335,322,5,NO,NO,NO,0
C1392,Vellore,Gudiyatham,Perumbadi,220,569,575,575,-349,YES,YES,YES,1
C1393,Vellore,Pernambut,Aravatla,325,361,378,389,-36,NO,NO,NO,0
C1394,Vellore,K. V. Kuppam,Vaduganthangal,194,567,574,573,-373,YES,YES,YES,1
C1395,Vellore,K. V. Kuppam,Kilalathur,389,436,428,424,-47,NO,NO,NO,0
C1396,Vellore,Gudiyatham,Mordhana,239,700,680,727,-461,YES,YES,YES,1
C1397,Vellore,K. V. Kuppam,Serpadi,632,603,590,625,29,NO,NO,NO,0
C1398,Vellore,Anaicut,Agaram,210,207,210,229,3,NO,NO,NO,0
C1399,Vellore,Anaicut,Odugathur,256,306,310,280,-50,NO,NO,NO,0
C1400,Vellore,Pernambut,Melpatti,478,526,531,516,-48,NO,NO,NO,0
C1401,Vellore,K. V. Kuppam,Serpadi,170,219,232,221,-49,NO,NO,NO,0
C1402,Vellore,K. V. Kuppam,Vaduganthangal,341,330,313,347,11,NO,NO,NO,0
C1403,Vellore,Gudiyatham,Mordhana,648,678,663,707,-30,NO,NO,NO,0
C1404,Vellore,K. V. Kuppam,Kavanur,190,229,246,215,-39,NO,NO,NO,0
C1405,Vellore,Vellore,Genganallore,138,175,164,180,-37,NO,NO,NO,0
C1406,Vellore,Anaicut,Sevoor,540,546,550,535,-6,NO,NO,NO,0
C1407,Vellore,Vellore,Seduvalai,107,157,149,147,-50,YES,NO,NO,0
C1408,Vellore,Gudiyatham,Kallapadi,344,295,277,300,49,NO,NO,NO,0
C1409,Vellore,Pernambut,Melpatti,441,398,382,399,43,NO,NO,NO,0
C1410,Vellore,K. V. Kuppam,Kavanur,485,524,543,533,-39,NO,NO,NO,0
C1411,Vellore,Pernambut,Erukkampattu,647,655,645,639,-8,NO,NO,NO,0
C1412,Vellore,Gudiyatham,Kallapadi,453,467,486,442,-14,NO,NO,NO,0
C1413,Vellore,K. V. Kuppam,Melalathur,164,176,193,148,-12,NO,NO,NO,0
C1414,Vellore,K. V. Kuppam,Kothamangalam,546,527,539,539,19,NO,NO,NO,0
C1415,Vellore,K. V. Kuppam,Vaduganthangal,344,307,322,312,37,NO,NO,NO,0
C1416,Vellore,Anaicut,Pennathur,658,615,614,598,43,NO,NO,NO,0
C1417,Vellore,Gudiyatham,Erthangal,279,662,660,659,-383,YES,YES,YES,1
C1418,Vellore,Gudiyatham,Perumbadi,560,521,515,528,39,NO,NO,NO,0
C1419,Vellore,Anaicut,Ussoor,661,681,678,696,-20,NO,NO,NO,0
C1420,Vellore,Vellore,Poigai,427,410,399,386,17,NO,NO,NO,0
C1421,Vellore,Katpadi,Dharapadavedu,97,275,257,257,-178,YES,YES,YES,1
C1422,Vellore,Pernambut,Kollapalli,616,615,608,587,1,NO,NO,NO,0
C1423,Vellore,Anaicut,Ussoor,418,456,471,460,-38,NO,NO,NO,0
C1424,Vellore,Anaicut,Odugathur,306,280,275,304,26,NO,NO,NO,0
C1425,Vellore,K. V. Kuppam,Kothamangalam,463,459,452,466,4,NO,NO,NO,0
C1426,Vellore,Anaicut,Agaram,161,161,151,163,0,NO,NO,NO,0
C1427,Vellore,Pernambut,Erukkampattu,558,569,589,563,-11,NO,NO,NO,0
C1428,Vellore,Pernambut,Kollapalli,56,192,182,188,-136,YES,YES,YES,1
C1429,Vellore,K. V. Kuppam,Kavanur,392,371,381,346,21,NO,NO,NO,0
C1430,Vellore,Pernambut,Melpatti,216,191,201,197,25,NO,NO,NO,0
C1431,Vellore,Pernambut,Sathambakkam,590,606,592,599,-16,NO,NO,NO,0
C1432,Vellore,Pernambut,Sathambakkam,660,671,685,676,-11,NO,NO,NO,0
C1433,Vellore,Anaicut,Pennathur,663,654,637,629,9,NO,NO,NO,0
C1434,Vellore,Anaicut,Agaram,341,362,350,382,-21,NO,NO,NO,0
C1435,Vellore,Pernambut,Morappanthangal,260,242,223,257,18,NO,NO,NO,0
C1436,Vellore,Katpadi,Arumbakkam,194,622,624,648,-428,YES,YES,YES,1
C1437,Vellore,K. V. Kuppam,Melalathur,221,530,526,506,-309,YES,YES,YES,1
C1438,Vellore,Anaicut,Pallikonda,398,403,392,406,-5,NO,NO,NO,0
C1439,Vellore,Katpadi,Balekuppam,258,233,234,226,25,NO,NO,NO,0
C1440,Vellore,Vellore,Genganallore,248,203,215,215,45,NO,NO,NO,0
C1441,Vellore,Gudiyatham,Melmuttukur,505,510,509,509,-5,NO,NO,NO,0
C1442,Vellore,Pernambut,Sathambakkam,122,445,437,443,-323,YES,YES,YES,1
C1443,Vellore,Katpadi,Ammundi,187,211,211,225,-24,NO,NO,NO,0
C1444,Vellore,Katpadi,Arumbakkam,665,689,693,665,-24,NO,NO,NO,0
C1445,Vellore,K. V. Kuppam,Serpadi,423,424,428,405,-1,NO,NO,NO,0
C1446,Vellore,Pernambut,Kollapalli,389,437,436,439,-48,NO,NO,NO,0
C1447,Vellore,Vellore,Adukkamparai,677,646,651,647,31,NO,NO,NO,0
C1448,Vellore,K. V. Kuppam,Melalathur,632,597,589,617,35,NO,NO,NO,0
C1449,Vellore,K. V. Kuppam,Melalathur,298,260,267,231,38,NO,NO,NO,0
C1450,Vellore,Gudiyatham,Valathur,552,539,530,551,13,NO,NO,NO,0
C1451,Vellore,Pernambut,Devalapuram,260,262,260,238,-2,NO,NO,NO,0
C1452,Vellore,Anaicut,Odugathur,316,348,343,367,-32,NO,NO,NO,0
C1453,Vellore,Vellore,Adukkamparai,619,580,588,606,39,NO,NO,NO,0
C1454,Vellore,Anaicut,Pennathur,384,370,360,355,14,NO,NO,NO,0
C1455,Vellore,Gudiyatham,Paradarami,473,490,501,515,-17,NO,NO,NO,0
C1456,Vellore,Gudiyatham,Perumbadi,637,670,683,694,-33,NO,NO,NO,0
C1457,Vellore,Pernambut,Aravatla,531,517,525,541,14,NO,NO,NO,0
C1458,Vellore,Anaicut,Sevoor,453,499,516,476,-46,NO,NO,NO,0
C1459,Vellore,K. V. Kuppam,Vaduganthangal,265,310,302,319,-45,NO,NO,NO,0
C1460,Vellore,Vellore,Munjurpattu,189,230,249,237,-41,NO,NO,NO,0
C1461,Vellore,K. V. Kuppam,Kilvaithinankuppam,303,333,315,324,-30,NO,NO,NO,0
C1462,Vellore,Vellore,Ariyur,567,532,526,519,35,NO,NO,NO,0
C1463,Vellore,Katpadi,Arumbakkam,410,451,437,471,-41,NO,NO,NO,0
C1464,Vellore,Anaicut,Odugathur,343,688,671,680,-345,YES,YES,YES,1
C1465,Vellore,Gudiyatham,Valathur,674,697,691,727,-23,NO,NO,NO,0
C1466,Vellore,Vellore,Edayansathu,558,606,589,611,-48,NO,NO,NO,0
C1467,Vellore,Pernambut,Devalapuram,324,662,675,659,-338,YES,YES,YES,1
C1468,Vellore,K. V. Kuppam,Kothamangalam,728,686,691,685,42,NO,NO,NO,0
C1469,Vellore,Gudiyatham,Paradarami,392,374,394,399,18,NO,NO,NO,0
C1470,Vellore,Vellore,Edayansathu,259,232,215,204,27,NO,NO,NO,0
C1471,Vellore,Gudiyatham,Valathur,166,383,367,372,-217,YES,YES,YES,1
C1472,Vellore,K. V. Kuppam,Melalathur,695,689,681,715,6,NO,NO,NO,0
C1473,Vellore,Vellore,Genganallore,471,515,521,541,-44,NO,NO,NO,0
C1474,Vellore,Pernambut,Aravatla,384,340,354,369,44,NO,NO,NO,0
C1475,Vellore,Vellore,Genganallore,95,423,443,409,-328,YES,YES,YES,1
C1476,Vellore,Pernambut,Devalapuram,672,661,657,637,11,NO,NO,NO,0
C1477,Vellore,Anaicut,Odugathur,377,392,379,411,-15,NO,NO,NO,0
C1478,Vellore,Pernambut,Melpatti,188,386,386,402,-198,YES,YES,YES,1
C1479,Vellore,K. V. Kuppam,Kothamangalam,591,545,534,529,46,NO,NO,NO,0
C1480,Vellore,Anaicut,Pennathur,632,668,686,658,-36,NO,NO,NO,0
C1481,Vellore,Vellore,Genganallore,358,386,376,385,-28,NO,NO,NO,0
C1482,Vellore,Pernambut,Melpatti,556,565,575,578,-9,NO,NO,NO,0
C1483,Vellore,Katpadi,Arumbakkam,343,382,371,410,-39,NO,NO,NO,0
C1484,Vellore,Gudiyatham,Valathur,231,243,231,225,-12,NO,NO,NO,0
C1485,Vellore,Katpadi,Dharapadavedu,386,410,401,401,-24,NO,NO,NO,0
C1486,Vellore,K. V. Kuppam,Kavanur,410,378,364,385,32,NO,NO,NO,0
C1487,Vellore,Anaicut,Pennathur,127,473,485,485,-346,YES,YES,YES,1
C1488,Vellore,Pernambut,Morappanthangal,196,208,226,224,-12,NO,NO,NO,0
C1489,Vellore,Pernambut,Melpatti,496,520,539,500,-24,NO,NO,NO,0
C1490,Vellore,Anaicut,Ussoor,278,309,300,329,-31,NO,NO,NO,0
C1491,Vellore,Katpadi,Balekuppam,493,494,474,472,-1,NO,NO,NO,0
C1492,Vellore,Katpadi,Alanganeri,651,627,627,609,24,NO,NO,NO,0
C1493,Vellore,Katpadi,Balekuppam,426,431,437,460,-5,NO,NO,NO,0
C1494,Vellore,Vellore,Adukkamparai,307,279,288,250,28,NO,NO,NO,0
C1495,Vellore,Katpadi,Annangudi,265,617,630,608,-352,YES,YES,YES,1
C1496,Vellore,K. V. Kuppam,Serpadi,455,471,463,466,-16,NO,NO,NO,0
C1497,Vellore,Anaicut,Sevoor,149,468,466,482,-319,YES,YES,YES,1
C1498,Vellore,Vellore,Ariyur,124,599,614,594,-475,YES,YES,YES,1
C1499,Vellore,Gudiyatham,Erthangal,611,619,616,643,-8,NO,NO,NO,0
C1500,Vellore,K. V. Kuppam,Kilvaithinankuppam,677,682,697,661,-5,NO,NO,NO,0
C1501,Vellore,Gudiyatham,Melmuttukur,574,582,595,558,-8,NO,NO,NO,0
C1502,Vellore,Vellore,Edayansathu,616,650,668,651,-34,NO,NO,NO,0
C1503,Vellore,Anaicut,Ussoor,406,429,413,412,-23,NO,NO,NO,0
C1504,Vellore,Katpadi,Ammundi,507,517,503,493,-10,NO,NO,NO,0
C1505,Vellore,Vellore,Edayansathu,332,314,316,298,18,NO,NO,NO,0
C1506,Vellore,Pernambut,Devalapuram,216,257,238,281,-41,NO,NO,NO,0
C1507,Vellore,Gudiyatham,Erthangal,334,316,303,292,18,NO,NO,NO,0
C1508,Vellore,Katpadi,Alanganeri,435,457,445,480,-22,NO,NO,NO,0
C1509,Vellore,Katpadi,Balekuppam,541,567,579,585,-26,NO,NO,NO,0
C1510,Vellore,Gudiyatham,Mordhana,210,236,238,256,-26,NO,NO,NO,0
C1511,Vellore,Anaicut,Veppankuppam,352,398,401,392,-46,NO,NO,NO,0
C1512,Vellore,Vellore,Edayansathu,725,682,698,667,43,NO,NO,NO,0
C1513,Vellore,Katpadi,Angarankuppam,106,444,443,460,-338,YES,YES,YES,1
C1514,Vellore,K. V. Kuppam,Kilalathur,364,347,345,332,17,NO,NO,NO,0
C1515,Vellore,K. V. Kuppam,Vaduganthangal,299,300,288,313,-1,NO,NO,NO,0
C1516,Vellore,Anaicut,Ussoor,504,537,550,508,-33,NO,NO,NO,0
C1517,Vellore,Pernambut,Sathambakkam,259,253,244,224,6,NO,NO,NO,0
C1518,Vellore,K. V. Kuppam,Melalathur,219,238,226,251,-19,NO,NO,NO,0
C1519,Vellore,Anaicut,Odugathur,72,227,215,239,-155,YES,YES,YES,1
C1520,Vellore,Katpadi,Dharapadavedu,631,616,609,593,15,NO,NO,NO,0
C1521,Vellore,Vellore,Edayansathu,566,567,557,556,-1,NO,NO,NO,0
C1522,Vellore,Pernambut,Aravatla,373,366,379,363,7,NO,NO,NO,0
C1523,Vellore,Vellore,Seduvalai,637,604,620,621,33,NO,NO,NO,0
C1524,Vellore,Vellore,Ariyur,567,542,543,544,25,NO,NO,NO,0
C1525,Vellore,Gudiyatham,Erthangal,183,202,211,222,-19,NO,NO,NO,0
C1526,Vellore,Gudiyatham,Valathur,129,440,458,465,-311,YES,YES,YES,1
C1527,Vellore,Anaicut,Odugathur,210,211,215,226,-1,NO,NO,NO,0
C1528,Vellore,Vellore,Edayansathu,671,650,670,646,21,NO,NO,NO,0
C1529,Vellore,Pernambut,Sathambakkam,170,606,602,629,-436,YES,YES,YES,1
C1530,Vellore,K. V. Kuppam,Kavanur,551,586,567,580,-35,NO,NO,NO,0
C1531,Vellore,Vellore,Poigai,380,409,399,426,-29,NO,NO,NO,0
C1532,Vellore,Gudiyatham,Paradarami,422,390,406,361,32,NO,NO,NO,0
C1533,Vellore,Gudiyatham,Kallapadi,395,388,391,372,7,NO,NO,NO,0
C1534,Vellore,Gudiyatham,Paradarami,662,669,654,691,-7,NO,NO,NO,0
C1535,Vellore,K. V. Kuppam,Kilvaithinankuppam,138,185,198,205,-47,NO,YES,YES,0
C1536,Vellore,Anaicut,Pennathur,85,598,613,595,-513,YES,YES,YES,1
C1537,Vellore,K. V. Kuppam,Vaduganthangal,504,491,507,492,13,NO,NO,NO,0
C1538,Vellore,Pernambut,Melpatti,381,392,409,422,-11,NO,NO,NO,0
C1539,Vellore,Anaicut,Ussoor,713,695,696,691,18,NO,NO,NO,0
C1540,Vellore,Anaicut,Ussoor,151,184,180,205,-33,NO,NO,NO,0
C1541,Vellore,Gudiyatham,Erthangal,526,511,514,482,15,NO,NO,NO,0
C1542,Vellore,K. V. Kuppam,Kilalathur,227,569,567,560,-342,YES,YES,YES,1
C1543,Vellore,Pernambut,Aravatla,477,435,441,438,42,NO,NO,NO,0
C1544,Vellore,Pernambut,Devalapuram,395,383,373,413,12,NO,NO,NO,0
C1545,Vellore,Katpadi,Alanganeri,595,545,557,561,50,NO,NO,NO,0
C1546,Vellore,Vellore,Adukkamparai,512,524,513,524,-12,NO,NO,NO,0
C1547,Vellore,Gudiyatham,Valathur,555,540,528,535,15,NO,NO,NO,0
C1548,Vellore,Katpadi,Arumbakkam,540,521,520,522,19,NO,NO,NO,0
C1549,Vellore,Katpadi,Arumbakkam,436,418,433,424,18,NO,NO,NO,0
C1550,Vellore,Gudiyatham,Valathur,527,576,563,586,-49,NO,NO,NO,0
C1551,Vellore,K. V. Kuppam,Kavanur,616,664,644,694,-48,NO,NO,NO,0
C1552,Vellore,Vellore,Munjurpattu,135,624,608,607,-489,YES,YES,YES,1
C1553,Vellore,Anaicut,Sevoor,514,488,507,504,26,NO,NO,NO,0
C1554,Vellore,Gudiyatham,Melmuttukur,470,468,465,482,2,NO,NO,NO,0
C1555,Vellore,Anaicut,Veppankuppam,155,192,203,219,-37,NO,NO,NO,0
C1556,Vellore,Katpadi,Alanganeri,295,292,297,279,3,NO,NO,NO,0
C1557,Vellore,Anaicut,Agaram,339,310,303,312,29,NO,NO,NO,0
C1558,Vellore,Anaicut,Odugathur,371,390,397,413,-19,NO,NO,NO,0
C1559,Vellore,Anaicut,Agaram,377,404,407,402,-27,NO,NO,NO,0
C1560,Vellore,Gudiyatham,Mordhana,391,404,412,416,-13,NO,NO,NO,0
C1561,Vellore,K. V. Kuppam,Kavanur,314,357,343,341,-43,NO,NO,NO,0
C1562,Vellore,Katpadi,Balekuppam,565,598,602,596,-33,NO,NO,NO,0
C1563,Vellore,Gudiyatham,Paradarami,166,212,206,215,-46,NO,NO,NO,0
C1564,Vellore,Vellore,Adukkamparai,196,655,643,637,-459,YES,YES,YES,1
C1565,Vellore,Pernambut,Melpatti,545,498,491,484,47,NO,NO,NO,0
C1566,Vellore,Anaicut,Agaram,531,542,525,555,-11,NO,NO,NO,0
C1567,Vellore,K. V. Kuppam,Kilalathur,90,338,320,327,-248,YES,YES,YES,1
C1568,Vellore,Katpadi,Ammundi,213,673,688,696,-460,YES,YES,YES,1
C1569,Vellore,Katpadi,Annangudi,270,300,299,312,-30,NO,NO,NO,0
C1570,Vellore,K. V. Kuppam,Serpadi,698,670,651,696,28,NO,NO,NO,0
C1571,Vellore,Vellore,Genganallore,558,508,490,509,50,NO,NO,NO,0
C1572,Vellore,K. V. Kuppam,Melalathur,366,364,379,338,2,NO,NO,NO,0
C1573,Vellore,Gudiyatham,Melmuttukur,533,534,530,557,-1,NO,NO,NO,0
C1574,Vellore,Pernambut,Sathambakkam,383,348,347,352,35,NO,NO,NO,0
C1575,Vellore,Pernambut,Sathambakkam,537,582,598,557,-45,NO,NO,NO,0
C1576,Vellore,Gudiyatham,Valathur,488,455,437,426,33,NO,NO,NO,0
C1577,Vellore,Anaicut,Veppankuppam,215,199,192,216,16,NO,NO,NO,0
C1578,Vellore,Vellore,Seduvalai,479,476,463,470,3,NO,NO,NO,0
C1579,Vellore,K. V. Kuppam,Serpadi,444,468,456,449,-24,NO,NO,NO,0
C1580,Vellore,Vellore,Poigai,646,616,616,622,30,NO,NO,NO,0
C1581,Vellore,Vellore,Seduvalai,502,517,520,496,-15,NO,NO,NO,0
C1582,Vellore,Katpadi,Balekuppam,665,656,661,676,9,NO,NO,NO,0
C1583,Vellore,Katpadi,Angarankuppam,631,595,605,594,36,NO,NO,NO,0
C1584,Vellore,Vellore,Ariyur,522,474,470,473,48,NO,NO,NO,0
C1585,Vellore,Katpadi,Angarankuppam,88,593,574,613,-505,YES,YES,YES,1
C1586,Vellore,Pernambut,Melpatti,52,211,192,230,-159,YES,YES,YES,1
C1587,Vellore,Katpadi,Angarankuppam,442,401,384,394,41,NO,NO,NO,0
C1588,Vellore,Pernambut,Morappanthangal,581,615,623,618,-34,NO,NO,NO,0
C1589,Vellore,Anaicut,Pallikonda,249,230,215,249,19,NO,NO,NO,0
C1590,Vellore,Katpadi,Dharapadavedu,419,402,385,392,17,NO,NO,NO,0
C1591,Vellore,Pernambut,Sathambakkam,326,323,312,341,3,NO,NO,NO,0
C1592,Vellore,Vellore,Adukkamparai,282,271,281,267,11,NO,NO,NO,0
C1593,Vellore,Vellore,Ariyur,607,619,636,596,-12,NO,NO,NO,0
C1594,Vellore,Gudiyatham,Mordhana,536,569,569,568,-33,NO,NO,NO,0
C1595,Vellore,Anaicut,Pennathur,513,483,466,500,30,NO,NO,NO,0
C1596,Vellore,Pernambut,Morappanthangal,634,669,674,672,-35,NO,NO,NO,0
C1597,Vellore,Katpadi,Angarankuppam,734,694,705,706,40,NO,NO,NO,0
C1598,Vellore,Gudiyatham,Valathur,564,593,596,617,-29,NO,NO,NO,0
C1599,Vellore,Gudiyatham,Kallapadi,427,379,381,368,48,NO,NO,NO,0
C1600,Vellore,Katpadi,Ammundi,74,398,385,373,-324,YES,YES,YES,1
C1601,Vellore,Anaicut,Pennathur,631,609,621,617,22,NO,NO,NO,0
C1602,Vellore,Pernambut,Morappanthangal,546,524,530,554,22,NO,NO,NO,0
C1603,Vellore,Anaicut,Odugathur,635,633,614,662,2,NO,NO,NO,0
C1604,Vellore,K. V. Kuppam,Kothamangalam,719,674,685,665,45,NO,NO,NO,0
C1605,Vellore,Anaicut,Odugathur,106,275,256,258,-169,YES,YES,YES,1
C1606,Vellore,Gudiyatham,Perumbadi,633,639,638,664,-6,NO,NO,NO,0
C1607,Vellore,Katpadi,Balekuppam,232,272,258,274,-40,NO,NO,NO,0
C1608,Vellore,Pernambut,Kollapalli,290,314,333,324,-24,NO,NO,NO,0
C1609,Vellore,Gudiyatham,Melmuttukur,319,333,329,352,-14,NO,NO,NO,0
C1610,Vellore,Katpadi,Alanganeri,514,562,574,582,-48,NO,NO,NO,0
C1611,Vellore,Vellore,Munjurpattu,602,615,626,602,-13,NO,NO,NO,0
C1612,Vellore,Vellore,Ariyur,477,427,431,428,50,NO,NO,NO,0
C1613,Vellore,Gudiyatham,Erthangal,727,692,682,689,35,NO,NO,NO,0
C1614,Vellore,Katpadi,Annangudi,504,462,472,457,42,NO,NO,NO,0
C1615,Vellore,Anaicut,Pennathur,331,294,308,274,37,NO,NO,NO,0
C1616,Vellore,K. V. Kuppam,Kilvaithinankuppam,696,646,640,625,50,NO,NO,NO,0
C1617,Vellore,Anaicut,Pallikonda,306,317,310,327,-11,NO,NO,NO,0
C1618,Vellore,K. V. Kuppam,Vaduganthangal,284,307,292,325,-23,NO,NO,NO,0
C1619,Vellore,Gudiyatham,Valathur,133,162,153,158,-29,NO,NO,NO,0
C1620,Vellore,Vellore,Seduvalai,496,539,523,541,-43,NO,NO,NO,0
C1621,Vellore,Gudiyatham,Kallapadi,290,274,277,265,16,NO,NO,NO,0
C1622,Vellore,Vellore,Adukkamparai,566,578,579,596,-12,NO,NO,NO,0
C1623,Vellore,K. V. Kuppam,Serpadi,212,581,568,595,-369,YES,YES,YES,1
C1624,Vellore,Anaicut,Sevoor,629,579,597,564,50,NO,NO,NO,0
C1625,Vellore,Katpadi,Annangudi,475,521,538,523,-46,NO,NO,NO,0
C1626,Vellore,Katpadi,Arumbakkam,373,413,417,442,-40,NO,NO,NO,0
C1627,Vellore,Vellore,Poigai,359,382,384,374,-23,NO,NO,NO,0
C1628,Vellore,Gudiyatham,Paradarami,245,212,199,212,33,NO,NO,NO,0
C1629,Vellore,Anaicut,Ussoor,537,539,546,520,-2,NO,NO,NO,0
C1630,Vellore,Anaicut,Sevoor,505,520,535,523,-15,NO,NO,NO,0
C1631,Vellore,Anaicut,Pennathur,157,342,358,341,-185,YES,YES,YES,1
C1632,Vellore,K. V. Kuppam,Vaduganthangal,629,611,614,622,18,NO,NO,NO,0
C1633,Vellore,Gudiyatham,Kallapadi,581,547,529,546,34,NO,NO,NO,0
C1634,Vellore,Anaicut,Ussoor,51,365,368,395,-314,YES,YES,YES,1
C1635,Vellore,Anaicut,Pallikonda,193,232,212,210,-39,NO,NO,NO,0
C1636,Vellore,Vellore,Poigai,558,585,589,589,-27,NO,NO,NO,0
C1637,Vellore,Vellore,Poigai,688,696,702,668,-8,NO,NO,NO,0
C1638,Vellore,Vellore,Seduvalai,101,415,419,436,-314,YES,YES,YES,1
C1639,Vellore,Gudiyatham,Paradarami,498,454,474,462,44,NO,NO,NO,0
C1640,Vellore,Anaicut,Agaram,484,521,541,528,-37,NO,NO,NO,0
C1641,Vellore,Katpadi,Annangudi,574,604,617,604,-30,NO,NO,NO,0
C1642,Vellore,Pernambut,Melpatti,570,534,523,551,36,NO,NO,NO,0
C1643,Vellore,Vellore,Ariyur,476,473,485,443,3,NO,NO,NO,0
C1644,Vellore,Vellore,Poigai,72,642,652,652,-570,YES,YES,YES,1
C1645,Vellore,Vellore,Genganallore,638,600,584,594,38,NO,NO,NO,0
C1646,Vellore,Katpadi,Angarankuppam,212,258,274,277,-46,NO,NO,NO,0
C1647,Vellore,K. V. Kuppam,Melalathur,583,556,539,574,27,NO,NO,NO,0
C1648,Vellore,Gudiyatham,Mordhana,148,196,186,179,-48,NO,NO,NO,0
C1649,Vellore,Katpadi,Alanganeri,614,596,579,575,18,NO,NO,NO,0
C1650,Vellore,Vellore,Edayansathu,456,493,496,516,-37,NO,NO,NO,0
C1651,Vellore,Pernambut,Morappanthangal,234,200,216,179,34,NO,NO,YES,0
C1652,Vellore,Vellore,Seduvalai,282,290,302,315,-8,NO,NO,NO,0
C1653,Vellore,Katpadi,Ammundi,677,647,646,666,30,NO,NO,NO,0
C1654,Vellore,Katpadi,Balekuppam,69,545,545,539,-476,YES,YES,YES,1
C1655,Vellore,Gudiyatham,Kallapadi,229,248,243,257,-19,NO,NO,NO,0
C1656,Vellore,Katpadi,Ammundi,484,532,540,537,-48,NO,NO,NO,0
C1657,Vellore,K. V. Kuppam,Vaduganthangal,398,378,363,361,20,NO,NO,NO,0
C1658,Vellore,Pernambut,Erukkampattu,151,180,179,200,-29,NO,NO,NO,0
C1659,Vellore,Vellore,Edayansathu,287,317,316,345,-30,NO,NO,NO,0
C1660,Vellore,K. V. Kuppam,Melalathur,480,471,466,457,9,NO,NO,NO,0
C1661,Vellore,Vellore,Ariyur,577,560,562,540,17,NO,NO,NO,0
C1662,Vellore,Pernambut,Aravatla,491,460,464,463,31,NO,NO,NO,0
C1663,Vellore,K. V. Kuppam,Kilvaithinankuppam,298,342,332,371,-44,NO,NO,NO,0
C1664,Vellore,Pernambut,Kollapalli,489,524,516,538,-35,NO,NO,NO,0
C1665,Vellore,K. V. Kuppam,Kilalathur,613,636,650,633,-23,NO,NO,NO,0
C1666,Vellore,Vellore,Poigai,195,212,215,187,-17,NO,NO,NO,0
C1667,Vellore,Katpadi,Alanganeri,384,376,393,354,8,NO,NO,NO,0
C1668,Vellore,Vellore,Adukkamparai,515,490,502,462,25,NO,NO,NO,0
C1669,Vellore,Pernambut,Morappanthangal,486,500,489,483,-14,NO,NO,NO,0
C1670,Vellore,Anaicut,Veppankuppam,516,565,559,593,-49,NO,NO,NO,0
C1671,Vellore,Pernambut,Aravatla,473,462,468,487,11,NO,NO,NO,0
C1672,Vellore,Gudiyatham,Perumbadi,452,471,474,471,-19,NO,NO,NO,0
C1673,Vellore,Gudiyatham,Mordhana,198,541,553,561,-343,YES,YES,YES,1
C1674,Vellore,Anaicut,Veppankuppam,535,534,519,533,1,NO,NO,NO,0
C1675,Vellore,Vellore,Poigai,639,630,627,620,9,NO,NO,NO,0
C1676,Vellore,Gudiyatham,Mordhana,671,622,623,620,49,NO,NO,NO,0
C1677,Vellore,Katpadi,Balekuppam,434,445,447,466,-11,NO,NO,NO,0
C1678,Vellore,Anaicut,Odugathur,111,342,340,366,-231,YES,YES,YES,1
C1679,Vellore,Anaicut,Ussoor,713,663,675,641,50,NO,NO,NO,0
C1680,Vellore,Vellore,Seduvalai,470,432,423,448,38,NO,NO,NO,0
C1681,Vellore,Pernambut,Devalapuram,576,592,610,584,-16,NO,NO,NO,0
C1682,Vellore,Vellore,Genganallore,709,672,655,686,37,NO,NO,NO,0
C1683,Vellore,Anaicut,Agaram,340,360,378,357,-20,NO,NO,NO,0
C1684,Vellore,Anaicut,Ussoor,434,459,466,489,-25,NO,NO,NO,0
C1685,Vellore,Vellore,Seduvalai,229,231,223,206,-2,NO,NO,NO,0
C1686,Vellore,Vellore,Genganallore,265,221,224,235,44,NO,NO,NO,0
C1687,Vellore,Anaicut,Agaram,597,558,572,575,39,NO,NO,NO,0
C1688,Vellore,K. V. Kuppam,Serpadi,202,406,414,388,-204,YES,YES,YES,1
C1689,Vellore,Vellore,Adukkamparai,99,372,385,391,-273,YES,YES,YES,1
C1690,Vellore,Anaicut,Agaram,274,292,299,274,-18,NO,NO,NO,0
C1691,Vellore,Gudiyatham,Melmuttukur,86,301,291,275,-215,YES,YES,YES,1
C1692,Vellore,K. V. Kuppam,Kilvaithinankuppam,461,419,434,432,42,NO,NO,NO,0
C1693,Vellore,Gudiyatham,Paradarami,643,647,640,647,-4,NO,NO,NO,0
C1694,Vellore,K. V. Kuppam,Kavanur,451,421,419,416,30,NO,NO,NO,0
C1695,Vellore,Gudiyatham,Erthangal,597,643,623,672,-46,NO,NO,NO,0
C1696,Vellore,Gudiyatham,Valathur,394,425,410,437,-31,NO,NO,NO,0
C1697,Vellore,Katpadi,Alanganeri,505,534,545,536,-29,NO,NO,NO,0
C1698,Vellore,Pernambut,Sathambakkam,604,629,617,625,-25,NO,NO,NO,0
C1699,Vellore,Vellore,Genganallore,275,232,249,253,43,NO,NO,NO,0
C1700,Vellore,Anaicut,Agaram,225,554,573,541,-329,YES,YES,YES,1
C1701,Vellore,Gudiyatham,Erthangal,586,538,547,516,48,NO,NO,NO,0
C1702,Vellore,Anaicut,Pennathur,365,371,352,375,-6,NO,NO,NO,0
C1703,Vellore,Katpadi,Angarankuppam,272,224,222,228,48,NO,NO,NO,0
C1704,Vellore,K. V. Kuppam,Kilalathur,275,320,330,347,-45,NO,NO,NO,0
C1705,Vellore,Anaicut,Pallikonda,204,221,206,243,-17,NO,NO,NO,0
C1706,Vellore,Pernambut,Erukkampattu,353,318,302,326,35,NO,NO,NO,0
C1707,Vellore,Pernambut,Sathambakkam,281,253,267,243,28,NO,NO,NO,0
C1708,Vellore,Gudiyatham,Erthangal,618,609,610,612,9,NO,NO,NO,0
C1709,Vellore,Pernambut,Melpatti,314,324,328,318,-10,NO,NO,NO,0
C1710,Vellore,Anaicut,Odugathur,281,327,309,304,-46,NO,NO,NO,0
C1711,Vellore,Vellore,Edayansathu,441,421,426,398,20,NO,NO,NO,0
C1712,Vellore,Anaicut,Ussoor,578,566,549,548,12,NO,NO,NO,0
C1713,Vellore,Anaicut,Ussoor,645,609,598,593,36,NO,NO,NO,0
C1714,Vellore,Anaicut,Agaram,495,486,502,466,9,NO,NO,NO,0
C1715,Vellore,Pernambut,Aravatla,173,155,172,170,18,NO,NO,NO,0
C1716,Vellore,K. V. Kuppam,Kilvaithinankuppam,233,264,254,237,-31,NO,NO,NO,0
C1717,Vellore,Vellore,Genganallore,306,289,280,281,17,NO,NO,NO,0
C1718,Vellore,Anaicut,Pennathur,587,591,571,611,-4,NO,NO,NO,0
C1719,Vellore,Katpadi,Annangudi,554,515,517,534,39,NO,NO,NO,0
C1720,Vellore,K. V. Kuppam,Kilvaithinankuppam,394,426,435,438,-32,NO,NO,NO,0
C1721,Vellore,K. V. Kuppam,Kilvaithinankuppam,90,339,320,318,-249,YES,YES,YES,1
C1722,Vellore,Anaicut,Odugathur,115,157,163,176,-42,NO,NO,YES,0
C1723,Vellore,Vellore,Edayansathu,191,206,218,190,-15,NO,NO,NO,0
C1724,Vellore,K. V. Kuppam,Kilvaithinankuppam,655,688,682,678,-33,NO,NO,NO,0
C1725,Vellore,Anaicut,Odugathur,596,595,610,575,1,NO,NO,NO,0
C1726,Vellore,Pernambut,Morappanthangal,652,629,633,613,23,NO,NO,NO,0
C1727,Vellore,Katpadi,Ammundi,528,505,524,520,23,NO,NO,NO,0
C1728,Vellore,Katpadi,Angarankuppam,275,230,247,203,45,NO,NO,YES,0
C1729,Vellore,K. V. Kuppam,Kothamangalam,362,409,413,382,-47,NO,NO,NO,0
C1730,Vellore,Anaicut,Ussoor,231,258,264,244,-27,NO,NO,NO,0
C1731,Vellore,Anaicut,Ussoor,397,417,417,417,-20,NO,NO,NO,0
C1732,Vellore,K. V. Kuppam,Kilalathur,479,510,500,540,-31,NO,NO,NO,0
C1733,Vellore,Katpadi,Arumbakkam,185,163,170,180,22,NO,NO,NO,0
C1734,Vellore,Vellore,Edayansathu,695,647,655,675,48,NO,NO,NO,0
C1735,Vellore,Anaicut,Pennathur,377,374,387,355,3,NO,NO,NO,0
C1736,Vellore,Katpadi,Arumbakkam,470,511,519,536,-41,NO,NO,NO,0
C1737,Vellore,Gudiyatham,Melmuttukur,136,572,574,572,-436,YES,YES,YES,1
C1738,Vellore,Anaicut,Odugathur,503,520,519,494,-17,NO,NO,NO,0
C1739,Vellore,Pernambut,Morappanthangal,480,480,475,470,0,NO,NO,NO,0
C1740,Vellore,Vellore,Seduvalai,310,271,288,279,39,NO,NO,NO,0
C1741,Vellore,K. V. Kuppam,Kilvaithinankuppam,278,236,229,243,42,NO,NO,NO,0
C1742,Vellore,Anaicut,Odugathur,591,625,605,642,-34,NO,NO,NO,0
C1743,Vellore,K. V. Kuppam,Serpadi,341,380,387,377,-39,NO,NO,NO,0
C1744,Vellore,Vellore,Genganallore,616,610,601,627,6,NO,NO,NO,0
C1745,Vellore,Pernambut,Morappanthangal,623,643,652,628,-20,NO,NO,NO,0
C1746,Vellore,Katpadi,Dharapadavedu,709,690,689,695,19,NO,NO,NO,0
C1747,Vellore,Gudiyatham,Mordhana,364,357,350,333,7,NO,NO,NO,0
C1748,Vellore,Katpadi,Dharapadavedu,369,417,429,426,-48,NO,NO,NO,0
C1749,Vellore,Anaicut,Ussoor,92,424,419,423,-332,YES,YES,YES,1
C1750,Vellore,Anaicut,Veppankuppam,639,660,673,644,-21,NO,NO,NO,0
C1751,Vellore,Vellore,Genganallore,461,461,473,475,0,NO,NO,NO,0
C1752,Vellore,Vellore,Genganallore,149,177,170,188,-28,NO,NO,NO,0
C1753,Vellore,Anaicut,Pennathur,258,290,295,295,-32,NO,NO,NO,0
C1754,Vellore,Vellore,Ariyur,151,199,184,219,-48,NO,NO,YES,0
C1755,Vellore,Katpadi,Balekuppam,413,378,361,392,35,NO,NO,NO,0
C1756,Vellore,Anaicut,Sevoor,626,673,692,650,-47,NO,NO,NO,0
C1757,Vellore,Gudiyatham,Melmuttukur,569,533,535,505,36,NO,NO,NO,0
C1758,Vellore,Pernambut,Morappanthangal,272,623,643,653,-351,YES,YES,YES,1
C1759,Vellore,K. V. Kuppam,Melalathur,142,306,303,319,-164,YES,YES,YES,1
C1760,Vellore,Anaicut,Sevoor,137,416,430,408,-279,YES,YES,YES,1
C1761,Vellore,K. V. Kuppam,Vaduganthangal,198,170,177,165,28,NO,NO,NO,0
C1762,Vellore,Anaicut,Veppankuppam,200,162,161,133,38,NO,NO,YES,0
C1763,Vellore,Katpadi,Angarankuppam,162,558,542,567,-396,YES,YES,YES,1
C1764,Vellore,K. V. Kuppam,Kothamangalam,542,530,547,538,12,NO,NO,NO,0
C1765,Vellore,Gudiyatham,Valathur,594,615,604,624,-21,NO,NO,NO,0
C1766,Vellore,Vellore,Adukkamparai,651,693,689,663,-42,NO,NO,NO,0
C1767,Vellore,K. V. Kuppam,Kilvaithinankuppam,92,244,250,216,-152,YES,YES,YES,1
C1768,Vellore,K. V. Kuppam,Kilvaithinankuppam,209,190,183,193,19,NO,NO,NO,0
C1769,Vellore,Pernambut,Kollapalli,452,438,448,409,14,NO,NO,NO,0
C1770,Vellore,K. V. Kuppam,Vaduganthangal,260,215,205,209,45,NO,NO,NO,0
C1771,Vellore,Katpadi,Annangudi,326,276,271,260,50,NO,NO,NO,0
C1772,Vellore,Gudiyatham,Erthangal,289,310,318,293,-21,NO,NO,NO,0
C1773,Vellore,K. V. Kuppam,Kilalathur,567,518,530,548,49,NO,NO,NO,0
C1774,Vellore,Vellore,Munjurpattu,73,592,608,596,-519,YES,YES,YES,1
C1775,Vellore,K. V. Kuppam,Melalathur,176,175,182,178,1,NO,NO,NO,0
C1776,Vellore,Pernambut,Melpatti,243,225,237,237,18,NO,NO,NO,0
C1777,Vellore,K. V. Kuppam,Kilvaithinankuppam,206,238,229,226,-32,NO,NO,NO,0
C1778,Vellore,K. V. Kuppam,Vaduganthangal,510,543,544,536,-33,NO,NO,NO,0
C1779,Vellore,Vellore,Adukkamparai,58,258,246,259,-200,YES,YES,YES,1
C1780,Vellore,Vellore,Ariyur,319,330,317,304,-11,NO,NO,NO,0
C1781,Vellore,Katpadi,Angarankuppam,316,310,326,315,6,NO,NO,NO,0
C1782,Vellore,K. V. Kuppam,Kilvaithinankuppam,732,700,692,719,32,NO,NO,NO,0
C1783,Vellore,Pernambut,Aravatla,72,186,184,216,-114,YES,YES,YES,1
C1784,Vellore,Vellore,Adukkamparai,480,441,431,467,39,NO,NO,NO,0
C1785,Vellore,Pernambut,Erukkampattu,162,156,149,147,6,NO,NO,NO,0
C1786,Vellore,Gudiyatham,Melmuttukur,410,369,385,364,41,NO,NO,NO,0
C1787,Vellore,Katpadi,Ammundi,723,684,668,666,39,NO,NO,NO,0
C1788,Vellore,K. V. Kuppam,Vaduganthangal,406,454,455,484,-48,NO,NO,NO,0
C1789,Vellore,Katpadi,Ammundi,653,614,624,641,39,NO,NO,NO,0
C1790,Vellore,Gudiyatham,Perumbadi,338,310,322,326,28,NO,NO,NO,0
C1791,Vellore,Katpadi,Balekuppam,182,214,223,226,-32,NO,NO,NO,0
C1792,Vellore,Pernambut,Kollapalli,380,425,416,439,-45,NO,NO,NO,0
C1793,Vellore,Pernambut,Devalapuram,73,159,143,160,-86,YES,YES,YES,1
C1794,Vellore,Vellore,Seduvalai,324,343,346,370,-19,NO,NO,NO,0
C1795,Vellore,Pernambut,Kollapalli,499,465,467,484,34,NO,NO,NO,0
C1796,Vellore,K. V. Kuppam,Serpadi,623,580,582,601,43,NO,NO,NO,0
C1797,Vellore,Pernambut,Morappanthangal,387,394,381,384,-7,NO,NO,NO,0
C1798,Vellore,Katpadi,Arumbakkam,226,208,192,192,18,NO,NO,NO,0
C1799,Vellore,K. V. Kuppam,Melalathur,205,176,193,174,29,NO,NO,NO,0
C1800,Vellore,Vellore,Poigai,371,414,415,394,-43,NO,NO,NO,0
C1801,Vellore,Gudiyatham,Melmuttukur,722,687,696,707,35,NO,NO,NO,0
C1802,Vellore,Pernambut,Erukkampattu,251,257,276,249,-6,NO,NO,NO,0
C1803,Vellore,Katpadi,Annangudi,211,248,232,278,-37,NO,NO,NO,0
C1804,Vellore,Vellore,Adukkamparai,432,391,396,410,41,NO,NO,NO,0
C1805,Vellore,Gudiyatham,Valathur,223,179,169,193,44,NO,YES,NO,0
C1806,Vellore,Gudiyatham,Erthangal,392,375,378,354,17,NO,NO,NO,0
C1807,Vellore,Vellore,Edayansathu,418,397,400,420,21,NO,NO,NO,0
C1808,Vellore,Gudiyatham,Melmuttukur,189,231,219,226,-42,NO,NO,NO,0
C1809,Vellore,Katpadi,Dharapadavedu,377,352,359,338,25,NO,NO,NO,0
C1810,Vellore,Anaicut,Veppankuppam,616,593,607,588,23,NO,NO,NO,0
C1811,Vellore,Gudiyatham,Valathur,208,452,442,428,-244,YES,YES,YES,1
C1812,Vellore,Vellore,Munjurpattu,206,217,209,211,-11,NO,NO,NO,0
C1813,Vellore,Katpadi,Dharapadavedu,398,414,396,407,-16,NO,NO,NO,0
C1814,Vellore,Pernambut,Melpatti,356,340,332,317,16,NO,NO,NO,0
C1815,Vellore,K. V. Kuppam,Kilvaithinankuppam,181,546,560,574,-365,YES,YES,YES,1
C1816,Vellore,K. V. Kuppam,Serpadi,451,416,412,401,35,NO,NO,NO,0
C1817,Vellore,K. V. Kuppam,Vaduganthangal,575,575,590,572,0,NO,NO,NO,0
C1818,Vellore,Pernambut,Devalapuram,521,481,475,503,40,NO,NO,NO,0
C1819,Vellore,Katpadi,Alanganeri,266,268,258,245,-2,NO,NO,NO,0
C1820,Vellore,Vellore,Munjurpattu,102,217,198,203,-115,YES,YES,YES,1
C1821,Vellore,Vellore,Seduvalai,134,405,416,396,-271,YES,YES,YES,1
C1822,Vellore,K. V. Kuppam,Kilvaithinankuppam,293,265,247,254,28,NO,NO,NO,0
C1823,Vellore,Gudiyatham,Perumbadi,216,184,187,210,32,NO,NO,NO,0
C1824,Vellore,Vellore,Genganallore,590,547,531,546,43,NO,NO,NO,0
C1825,Vellore,Vellore,Edayansathu,477,489,499,489,-12,NO,NO,NO,0
C1826,Vellore,Katpadi,Balekuppam,637,665,677,644,-28,NO,NO,NO,0
C1827,Vellore,Vellore,Adukkamparai,153,197,217,169,-44,NO,NO,NO,0
C1828,Vellore,Anaicut,Veppankuppam,598,642,629,619,-44,NO,NO,NO,0
C1829,Vellore,Vellore,Genganallore,560,606,619,631,-46,NO,NO,NO,0
C1830,Vellore,Pernambut,Melpatti,197,211,216,235,-14,NO,NO,NO,0
C1831,Vellore,K. V. Kuppam,Kilalathur,682,636,619,646,46,NO,NO,NO,0
C1832,Vellore,Gudiyatham,Melmuttukur,137,478,458,449,-341,YES,YES,YES,1
C1833,Vellore,Anaicut,Pennathur,662,699,696,689,-37,NO,NO,NO,0
C1834,Vellore,Pernambut,Kollapalli,101,237,251,264,-136,YES,YES,YES,1
C1835,Vellore,Gudiyatham,Paradarami,424,448,438,439,-24,NO,NO,NO,0
C1836,Vellore,Pernambut,Aravatla,352,355,351,338,-3,NO,NO,NO,0
C1837,Vellore,Katpadi,Alanganeri,156,457,473,464,-301,YES,YES,YES,1
C1838,Vellore,Vellore,Munjurpattu,157,202,217,182,-45,NO,NO,NO,0
C1839,Vellore,Gudiyatham,Paradarami,322,303,322,275,19,NO,NO,NO,0
C1840,Vellore,Gudiyatham,Erthangal,519,538,545,544,-19,NO,NO,NO,0
C1841,Vellore,Vellore,Edayansathu,456,419,421,435,37,NO,NO,NO,0
C1842,Vellore,Vellore,Genganallore,432,395,407,398,37,NO,NO,NO,0
C1843,Vellore,Katpadi,Balekuppam,400,374,377,388,26,NO,NO,NO,0
C1844,Vellore,K. V. Kuppam,Melalathur,502,465,447,450,37,NO,NO,NO,0
C1845,Vellore,Katpadi,Ammundi,614,570,568,599,44,NO,NO,NO,0
C1846,Vellore,Katpadi,Arumbakkam,443,442,452,433,1,NO,NO,NO,0
C1847,Vellore,Pernambut,Kollapalli,145,154,152,151,-9,NO,NO,NO,0
C1848,Vellore,Katpadi,Alanganeri,228,179,182,181,49,NO,NO,NO,0
C1849,Vellore,Pernambut,Aravatla,259,555,554,575,-296,YES,YES,YES,1
C1850,Vellore,Anaicut,Pennathur,199,189,201,184,10,NO,NO,NO,0
C1851,Vellore,Katpadi,Dharapadavedu,384,386,369,372,-2,NO,NO,NO,0
C1852,Vellore,Gudiyatham,Perumbadi,663,626,640,608,37,NO,NO,NO,0
C1853,Vellore,Pernambut,Sathambakkam,649,632,652,650,17,NO,NO,NO,0
C1854,Vellore,K. V. Kuppam,Kothamangalam,408,432,441,451,-24,NO,NO,NO,0
C1855,Vellore,Anaicut,Pennathur,269,297,279,320,-28,NO,NO,NO,0
C1856,Vellore,K. V. Kuppam,Kothamangalam,471,421,426,429,50,NO,NO,NO,0
C1857,Vellore,Anaicut,Agaram,300,263,248,267,37,NO,NO,NO,0
C1858,Vellore,Anaicut,Pallikonda,567,547,541,517,20,NO,NO,NO,0
C1859,Vellore,Katpadi,Annangudi,335,368,373,356,-33,NO,NO,NO,0
C1860,Vellore,K. V. Kuppam,Kavanur,364,337,323,316,27,NO,NO,NO,0
C1861,Vellore,Anaicut,Ussoor,627,677,693,691,-50,NO,NO,NO,0
C1862,Vellore,Pernambut,Melpatti,545,499,504,502,46,NO,NO,NO,0
C1863,Vellore,Anaicut,Agaram,50,152,158,136,-102,YES,YES,YES,1
C1864,Vellore,Vellore,Seduvalai,307,278,272,308,29,NO,NO,NO,0
C1865,Vellore,Anaicut,Agaram,345,351,356,373,-6,NO,NO,NO,0
C1866,Vellore,Gudiyatham,Erthangal,582,532,552,529,50,NO,NO,NO,0
C1867,Vellore,Vellore,Genganallore,216,246,237,236,-30,NO,NO,NO,0
C1868,Vellore,K. V. Kuppam,Kilvaithinankuppam,211,198,203,172,13,NO,NO,NO,0
C1869,Vellore,Vellore,Edayansathu,176,510,513,494,-334,YES,YES,YES,1
C1870,Vellore,Vellore,Genganallore,369,384,396,391,-15,NO,NO,NO,0
C1871,Vellore,K. V. Kuppam,Vaduganthangal,353,320,322,346,33,NO,NO,NO,0
C1872,Vellore,Vellore,Edayansathu,277,258,258,270,19,NO,NO,NO,0
C1873,Vellore,Katpadi,Arumbakkam,509,487,487,494,22,NO,NO,NO,0
C1874,Vellore,Katpadi,Balekuppam,312,362,352,341,-50,NO,NO,NO,0
C1875,Vellore,Vellore,Edayansathu,351,383,372,409,-32,NO,NO,NO,0
C1876,Vellore,Pernambut,Morappanthangal,543,514,517,490,29,NO,NO,NO,0
C1877,Vellore,Katpadi,Alanganeri,159,554,555,568,-395,YES,YES,YES,1
C1878,Vellore,Katpadi,Annangudi,596,643,624,668,-47,NO,NO,NO,0
C1879,Vellore,Katpadi,Ammundi,190,449,430,473,-259,YES,YES,YES,1
C1880,Vellore,Gudiyatham,Kallapadi,298,292,284,304,6,NO,NO,NO,0
C1881,Vellore,Katpadi,Arumbakkam,166,178,182,169,-12,NO,NO,NO,0
C1882,Vellore,Pernambut,Sathambakkam,531,491,509,508,40,NO,NO,NO,0
C1883,Vellore,Katpadi,Angarankuppam,224,241,243,213,-17,NO,NO,NO,0
C1884,Vellore,Vellore,Poigai,56,430,446,415,-374,YES,YES,YES,1
C1885,Vellore,K. V. Kuppam,Kothamangalam,86,322,336,341,-236,YES,YES,YES,1
C1886,Vellore,Katpadi,Annangudi,571,573,587,569,-2,NO,NO,NO,0
C1887,Vellore,K. V. Kuppam,Kilalathur,206,614,624,634,-408,YES,YES,YES,1
C1888,Vellore,Gudiyatham,Valathur,720,699,679,710,21,NO,NO,NO,0
C1889,Vellore,Gudiyatham,Mordhana,725,676,685,656,49,NO,NO,NO,0
C1890,Vellore,Pernambut,Melpatti,208,258,249,231,-50,NO,NO,NO,0
C1891,Vellore,Pernambut,Aravatla,517,506,486,505,11,NO,NO,NO,0
C1892,Vellore,Anaicut,Sevoor,672,686,669,679,-14,NO,NO,NO,0
C1893,Vellore,Gudiyatham,Erthangal,97,270,269,255,-173,YES,YES,YES,1
C1894,Vellore,Vellore,Ariyur,433,409,423,427,24,NO,NO,NO,0
C1895,Vellore,K. V. Kuppam,Melalathur,566,542,555,552,24,NO,NO,NO,0
C1896,Vellore,Pernambut,Kollapalli,646,696,714,697,-50,NO,NO,NO,0
C1897,Vellore,Anaicut,Agaram,563,556,569,557,7,NO,NO,NO,0
C1898,Vellore,Pernambut,Melpatti,277,279,281,302,-2,NO,NO,NO,0
C1899,Vellore,Vellore,Seduvalai,701,659,665,675,42,NO,NO,NO,0
C1900,Vellore,Vellore,Ariyur,330,367,366,337,-37,NO,NO,NO,0
C1901,Vellore,Gudiyatham,Mordhana,564,596,587,621,-32,NO,NO,NO,0
C1902,Vellore,Gudiyatham,Melmuttukur,189,464,454,491,-275,YES,YES,YES,1
C1903,Vellore,Vellore,Edayansathu,501,545,565,555,-44,NO,NO,NO,0
C1904,Vellore,Gudiyatham,Erthangal,583,567,564,575,16,NO,NO,NO,0
C1905,Vellore,K. V. Kuppam,Serpadi,70,694,713,672,-624,YES,YES,YES,1
C1906,Vellore,Pernambut,Morappanthangal,206,256,247,281,-50,NO,NO,NO,0
C1907,Vellore,Gudiyatham,Kallapadi,410,399,394,381,11,NO,NO,NO,0
C1908,Vellore,K. V. Kuppam,Vaduganthangal,637,647,655,675,-10,NO,NO,NO,0
C1909,Vellore,Anaicut,Veppankuppam,329,374,372,352,-45,NO,NO,NO,0
C1910,Vellore,Vellore,Poigai,362,402,407,432,-40,NO,NO,NO,0
C1911,Vellore,Anaicut,Pallikonda,189,397,409,372,-208,YES,YES,YES,1
C1912,Vellore,Anaicut,Pennathur,344,364,352,371,-20,NO,NO,NO,0
C1913,Vellore,K. V. Kuppam,Serpadi,697,670,688,680,27,NO,NO,NO,0
C1914,Vellore,Vellore,Genganallore,85,178,189,188,-93,YES,YES,YES,1
C1915,Vellore,Vellore,Poigai,87,260,267,269,-173,YES,YES,YES,1
C1916,Vellore,Anaicut,Pennathur,131,166,165,176,-35,NO,NO,NO,0
C1917,Vellore,Vellore,Poigai,274,229,242,250,45,NO,NO,NO,0
C1918,Vellore,Katpadi,Ammundi,658,691,701,687,-33,NO,NO,NO,0
C1919,Vellore,K. V. Kuppam,Kilvaithinankuppam,137,450,448,452,-313,YES,YES,YES,1
C1920,Vellore,Gudiyatham,Erthangal,350,314,297,315,36,NO,NO,NO,0
C1921,Vellore,Gudiyatham,Valathur,205,169,175,145,36,NO,NO,YES,0
C1922,Vellore,Katpadi,Alanganeri,365,390,386,403,-25,NO,NO,NO,0
C1923,Vellore,Gudiyatham,Paradarami,565,613,601,615,-48,NO,NO,NO,0
C1924,Vellore,Katpadi,Dharapadavedu,688,639,647,616,49,NO,NO,NO,0
C1925,Vellore,Anaicut,Agaram,159,180,200,187,-21,NO,NO,NO,0
C1926,Vellore,Vellore,Munjurpattu,274,283,302,282,-9,NO,NO,NO,0
C1927,Vellore,Katpadi,Dharapadavedu,406,397,401,367,9,NO,NO,NO,0
C1928,Vellore,Pernambut,Kollapalli,362,369,372,380,-7,NO,NO,NO,0
C1929,Vellore,Katpadi,Dharapadavedu,258,289,276,299,-31,NO,NO,NO,0
C1930,Vellore,K. V. Kuppam,Serpadi,528,556,551,564,-28,NO,NO,NO,0
C1931,Vellore,Pernambut,Morappanthangal,397,353,354,350,44,NO,NO,NO,0
C1932,Vellore,Vellore,Poigai,251,276,267,280,-25,NO,NO,NO,0
C1933,Vellore,Katpadi,Ammundi,329,308,306,284,21,NO,NO,NO,0
C1934,Vellore,Gudiyatham,Melmuttukur,470,463,481,475,7,NO,NO,NO,0
C1935,Vellore,Anaicut,Veppankuppam,429,411,394,398,18,NO,NO,NO,0
C1936,Vellore,Gudiyatham,Paradarami,256,289,299,303,-33,NO,NO,NO,0
C1937,Vellore,Vellore,Poigai,89,640,650,615,-551,YES,YES,YES,1
C1938,Vellore,Pernambut,Sathambakkam,495,539,524,518,-44,NO,NO,NO,0
C1939,Vellore,Gudiyatham,Paradarami,510,537,545,545,-27,NO,NO,NO,0
C1940,Vellore,K. V. Kuppam,Kavanur,508,496,514,479,12,NO,NO,NO,0
C1941,Vellore,Vellore,Edayansathu,413,381,361,380,32,NO,NO,NO,0
C1942,Vellore,Katpadi,Angarankuppam,316,352,364,355,-36,NO,NO,NO,0
C1943,Vellore,Pernambut,Erukkampattu,161,189,189,165,-28,NO,NO,NO,0
C1944,Vellore,Gudiyatham,Valathur,155,553,565,572,-398,YES,YES,YES,1
C1945,Vellore,Vellore,Genganallore,131,163,156,166,-32,NO,NO,NO,0
C1946,Vellore,Gudiyatham,Valathur,176,177,188,171,-1,NO,NO,NO,0
C1947,Vellore,Gudiyatham,Kallapadi,150,498,493,502,-348,YES,YES,YES,1
C1948,Vellore,Katpadi,Ammundi,668,649,655,667,19,NO,NO,NO,0
C1949,Vellore,Katpadi,Balekuppam,262,261,250,267,1,NO,NO,NO,0
C1950,Vellore,Anaicut,Odugathur,295,605,613,589,-310,YES,YES,YES,1
C1951,Vellore,Pernambut,Kollapalli,199,230,216,219,-31,NO,NO,NO,0
C1952,Vellore,Pernambut,Aravatla,603,579,599,599,24,NO,NO,NO,0
C1953,Vellore,Pernambut,Melpatti,52,200,204,214,-148,YES,YES,YES,1
C1954,Vellore,Vellore,Poigai,281,322,339,337,-41,NO,NO,NO,0
C1955,Vellore,Anaicut,Sevoor,64,185,195,192,-121,YES,YES,YES,1
C1956,Vellore,Vellore,Adukkamparai,404,422,426,400,-18,NO,NO,NO,0
C1957,Vellore,K. V. Kuppam,Kilalathur,606,565,549,567,41,NO,NO,NO,0
C1958,Vellore,K. V. Kuppam,Kilvaithinankuppam,622,626,646,648,-4,NO,NO,NO,0
C1959,Vellore,Vellore,Edayansathu,184,170,160,194,14,NO,NO,NO,0
C1960,Vellore,Vellore,Poigai,534,541,555,513,-7,NO,NO,NO,0
C1961,Vellore,Pernambut,Aravatla,623,653,637,660,-30,NO,NO,NO,0
C1962,Vellore,K. V. Kuppam,Melalathur,676,661,662,667,15,NO,NO,NO,0
C1963,Vellore,Gudiyatham,Melmuttukur,548,575,582,562,-27,NO,NO,NO,0
C1964,Vellore,K. V. Kuppam,Kilalathur,207,211,230,202,-4,NO,NO,NO,0
C1965,Vellore,Gudiyatham,Kallapadi,440,413,428,437,27,NO,NO,NO,0
C1966,Vellore,Pernambut,Sathambakkam,662,627,631,631,35,NO,NO,NO,0
C1967,Vellore,Gudiyatham,Mordhana,404,365,348,368,39,NO,NO,NO,0
C1968,Vellore,Anaicut,Pallikonda,145,176,172,181,-31,NO,NO,NO,0
C1969,Vellore,Vellore,Genganallore,162,150,168,152,12,NO,NO,NO,0
C1970,Vellore,Katpadi,Annangudi,719,691,671,679,28,NO,NO,NO,0
C1971,Vellore,Pernambut,Kollapalli,390,375,363,371,15,NO,NO,NO,0
C1972,Vellore,Vellore,Seduvalai,404,428,438,454,-24,NO,NO,NO,0
C1973,Vellore,Vellore,Munjurpattu,432,458,456,479,-26,NO,NO,NO,0
C1974,Vellore,Vellore,Poigai,355,321,303,321,34,NO,NO,NO,0
C1975,Vellore,Anaicut,Sevoor,351,376,362,393,-25,NO,NO,NO,0
C1976,Vellore,K. V. Kuppam,Kilvaithinankuppam,586,574,564,555,12,NO,NO,NO,0
C1977,Vellore,Vellore,Ariyur,204,232,239,236,-28,NO,NO,NO,0
C1978,Vellore,Anaicut,Pennathur,361,320,300,300,41,NO,NO,NO,0
C1979,Vellore,K. V. Kuppam,Kavanur,166,353,368,337,-187,YES,YES,YES,1
C1980,Vellore,K. V. Kuppam,Kilvaithinankuppam,695,671,681,668,24,NO,NO,NO,0
C1981,Vellore,K. V. Kuppam,Kilalathur,57,416,435,398,-359,YES,YES,YES,1
C1982,Vellore,Vellore,Adukkamparai,282,250,256,256,32,NO,NO,NO,0
C1983,Vellore,Gudiyatham,Melmuttukur,622,574,577,564,48,NO,NO,NO,0
C1984,Vellore,K. V. Kuppam,Kilvaithinankuppam,82,502,496,476,-420,YES,YES,YES,1
C1985,Vellore,Katpadi,Ammundi,586,553,572,551,33,NO,NO,NO,0
C1986,Vellore,K. V. Kuppam,Kavanur,199,186,204,192,13,NO,NO,NO,0
C1987,Vellore,Gudiyatham,Kallapadi,260,238,252,208,22,NO,NO,NO,0
C1988,Vellore,Pernambut,Aravatla,216,589,575,600,-373,YES,YES,YES,1
C1989,Vellore,Gudiyatham,Valathur,530,563,560,554,-33,NO,NO,NO,0
C1990,Vellore,K. V. Kuppam,Kilvaithinankuppam,652,646,660,664,6,NO,NO,NO,0
C1991,Vellore,Pernambut,Morappanthangal,366,341,346,336,25,NO,NO,NO,0
C1992,Vellore,Gudiyatham,Melmuttukur,138,294,288,317,-156,YES,YES,YES,1
C1993,Vellore,Gudiyatham,Kallapadi,199,163,144,150,36,NO,YES,YES,0
C1994,Vellore,K. V. Kuppam,Melalathur,517,537,540,544,-20,NO,NO,NO,0
C1995,Vellore,K. V. Kuppam,Serpadi,670,654,647,676,16,NO,NO,NO,0
C1996,Vellore,Anaicut,Agaram,357,387,395,374,-30,NO,NO,NO,0
C1997,Vellore,Katpadi,Ammundi,146,54,357,234,-34,NO,YES,NO,1
